{
"type": "FeatureCollection",
"name": "austria_crops",
"crs": { "type": "name", "properties": { "name": "urn:ogc:def:crs:OGC:1.3:CRS84" } },
"features": [
{ "type": "Feature", "properties": { "crop": "Legume" }, "geometry": { "type": "Polygon", "coordinates": [ [ [ 16.372062702431833, 48.126330985086952 ], [ 16.372362773822999, 48.126468688379298 ], [ 16.372920179023083, 48.126799903292969 ], [ 16.373086690298578, 48.126863344168044 ], [ 16.37170639463443, 48.123682584183939 ], [ 16.370786357604345, 48.123852519178456 ], [ 16.371838860275204, 48.126281430643594 ], [ 16.372062702431833, 48.126330985086952 ] ] ] } },
{ "type": "Feature", "properties": { "crop": "Legume" }, "geometry": { "type": "Polygon", "coordinates": [ [ [ 16.373670809860016, 48.118535130991567 ], [ 16.374060219903299, 48.118459167056969 ], [ 16.372007653130765, 48.114314895016427 ], [ 16.371647696783839, 48.114454587609195 ], [ 16.373670809860016, 48.118535130991567 ] ] ] } },
{ "type": "Feature", "properties": { "crop": "Legume" }, "geometry": { "type": "Polygon", "coordinates": [ [ [ 16.373722625199036, 48.123282638582957 ], [ 16.375280788777445, 48.1268937781254 ], [ 16.376331559354014, 48.126871475838016 ], [ 16.374696451580007, 48.123093525545805 ], [ 16.373722625199036, 48.123282638582957 ] ] ] } },
{ "type": "Feature", "properties": { "crop": "Legume" }, "geometry": { "type": "Polygon", "coordinates": [ [ [ 16.375516276255212, 48.093662775416817 ], [ 16.376154077248941, 48.094881798356369 ], [ 16.376248381957339, 48.095101723066144 ], [ 16.376309753492365, 48.095127167584792 ], [ 16.383421704648015, 48.093545223233484 ], [ 16.383513064076681, 48.093506036174695 ], [ 16.383630168397588, 48.093384659174724 ], [ 16.383701747237922, 48.093211740229663 ], [ 16.383852951152846, 48.092683029698101 ], [ 16.38376148920139, 48.092651141537026 ], [ 16.382945514523954, 48.092719008875221 ], [ 16.380645591021278, 48.09296256956695 ], [ 16.377718744724348, 48.093238873675134 ], [ 16.375549147375295, 48.093469306063689 ], [ 16.375497391391548, 48.093546305117975 ], [ 16.375516276255212, 48.093662775416817 ] ] ] } },
{ "type": "Feature", "properties": { "crop": "Legume" }, "geometry": { "type": "Polygon", "coordinates": [ [ [ 16.38910007350961, 48.096129219188178 ], [ 16.387941027256659, 48.096392622521591 ], [ 16.391784050693445, 48.103542971131269 ], [ 16.392379965762871, 48.103430052255135 ], [ 16.392951380601801, 48.103280647883651 ], [ 16.38910007350961, 48.096129219188178 ] ] ] } },
{ "type": "Feature", "properties": { "crop": "Legume" }, "geometry": { "type": "Polygon", "coordinates": [ [ [ 16.381392933037489, 48.09403708224562 ], [ 16.383090514016033, 48.097466658559476 ], [ 16.383444615776455, 48.097386202511302 ], [ 16.381748884703313, 48.093958067810661 ], [ 16.381392933037489, 48.09403708224562 ] ] ] } },
{ "type": "Feature", "properties": { "crop": "Legume" }, "geometry": { "type": "Polygon", "coordinates": [ [ [ 16.375714126205992, 48.103572532746227 ], [ 16.377850661778666, 48.107576796531994 ], [ 16.378531902725175, 48.107354317747593 ], [ 16.376448294053603, 48.10339670719236 ], [ 16.375714126205992, 48.103572532746227 ] ] ] } },
{ "type": "Feature", "properties": { "crop": "Legume" }, "geometry": { "type": "Polygon", "coordinates": [ [ [ 16.367065475591289, 48.115459661833995 ], [ 16.369036332660698, 48.11943453577527 ], [ 16.369770516696065, 48.119292150612296 ], [ 16.367824693155114, 48.115365221327977 ], [ 16.367065475591289, 48.115459661833995 ] ] ] } },
{ "type": "Feature", "properties": { "crop": "Legume" }, "geometry": { "type": "Polygon", "coordinates": [ [ [ 16.398261854800808, 48.083879121923985 ], [ 16.396711136709655, 48.086971199761123 ], [ 16.397617857478167, 48.087092212535644 ], [ 16.399088945098811, 48.084085549608453 ], [ 16.398261854800808, 48.083879121923985 ] ] ] } },
{ "type": "Feature", "properties": { "crop": "Legume" }, "geometry": { "type": "Polygon", "coordinates": [ [ [ 16.390658689447037, 48.129013410940217 ], [ 16.391161618214142, 48.13074393678329 ], [ 16.391495727578331, 48.131692123992366 ], [ 16.391790554598938, 48.131692123992366 ], [ 16.390601550121517, 48.127943027049128 ], [ 16.390312883932495, 48.128014475487696 ], [ 16.390658689447037, 48.129013410940217 ] ] ] } },
{ "type": "Feature", "properties": { "crop": "Legume" }, "geometry": { "type": "Polygon", "coordinates": [ [ [ 16.399639551424229, 48.128152627541795 ], [ 16.400486047293271, 48.130476782377677 ], [ 16.400633358043081, 48.130292852133493 ], [ 16.400730733936257, 48.130212935678522 ], [ 16.399905771434248, 48.128118759073523 ], [ 16.398948866696912, 48.125373091095348 ], [ 16.398692041004949, 48.125455496873712 ], [ 16.399639551424229, 48.128152627541795 ] ] ] } },
{ "type": "Feature", "properties": { "crop": "Legume" }, "geometry": { "type": "Polygon", "coordinates": [ [ [ 16.40487910418733, 48.124604830848334 ], [ 16.404745811170301, 48.124815019497582 ], [ 16.40454300595502, 48.125076876896401 ], [ 16.405218726862813, 48.127825921828894 ], [ 16.4056632464617, 48.129423953252903 ], [ 16.405874846247219, 48.130087620455484 ], [ 16.405874846247219, 48.129072241372981 ], [ 16.405566469516998, 48.12791677943585 ], [ 16.405445021470598, 48.127386192019181 ], [ 16.404999947889337, 48.125324523208228 ], [ 16.40487910418733, 48.124604830848334 ] ] ] } },
{ "type": "Feature", "properties": { "crop": "Legume" }, "geometry": { "type": "Polygon", "coordinates": [ [ [ 16.364330528431196, 48.08899159418678 ], [ 16.364822319994119, 48.089040226825027 ], [ 16.363978831457928, 48.08591195577219 ], [ 16.363494098673758, 48.085839314832576 ], [ 16.364330528431196, 48.08899159418678 ] ] ] } },
{ "type": "Feature", "properties": { "crop": "Legume" }, "geometry": { "type": "Polygon", "coordinates": [ [ [ 16.397370020510095, 48.125033170744302 ], [ 16.397576942821729, 48.124973341546529 ], [ 16.397083247393994, 48.123568667060404 ], [ 16.396873359118274, 48.123608173378557 ], [ 16.397370020510095, 48.125033170744302 ] ] ] } },
{ "type": "Feature", "properties": { "crop": "Legume" }, "geometry": { "type": "Polygon", "coordinates": [ [ [ 16.400491805652337, 48.130536382248295 ], [ 16.400415393855383, 48.130666016823284 ], [ 16.400359407460712, 48.13080885884181 ], [ 16.400682911739445, 48.131692123992366 ], [ 16.400911460682874, 48.131692123992366 ], [ 16.400491805652337, 48.130536382248295 ] ] ] } },
{ "type": "Feature", "properties": { "crop": "Legume" }, "geometry": { "type": "Polygon", "coordinates": [ [ [ 16.363980003274605, 48.094103651862106 ], [ 16.364502991419954, 48.094133322295029 ], [ 16.365494164823872, 48.093387333758464 ], [ 16.363644789975126, 48.093291212419558 ], [ 16.363980003274605, 48.094103651862106 ] ] ] } },
{ "type": "Feature", "properties": { "crop": "Legume" }, "geometry": { "type": "Polygon", "coordinates": [ [ [ 16.37676437607513, 48.108071893103428 ], [ 16.378294097694493, 48.111260455605574 ], [ 16.379050274650524, 48.11107513590882 ], [ 16.377492071501933, 48.107837912889401 ], [ 16.37676437607513, 48.108071893103428 ] ] ] } },
{ "type": "Feature", "properties": { "crop": "Legume" }, "geometry": { "type": "Polygon", "coordinates": [ [ [ 16.40489667064486, 48.130145902011805 ], [ 16.404236561967821, 48.12800166464519 ], [ 16.403710373135254, 48.126042259542707 ], [ 16.403656054983003, 48.126128800403869 ], [ 16.403544109173367, 48.126394852240701 ], [ 16.403554707683668, 48.126453010498096 ], [ 16.403996501437462, 48.128040559424335 ], [ 16.404416429974333, 48.129392726992812 ], [ 16.404716091274622, 48.130279509791585 ], [ 16.405252915018938, 48.131692123992366 ], [ 16.405492717507386, 48.131692123992366 ], [ 16.40489667064486, 48.130145902011805 ] ] ] } },
{ "type": "Feature", "properties": { "crop": "Legume" }, "geometry": { "type": "Polygon", "coordinates": [ [ [ 16.398435880811292, 48.124719700353921 ], [ 16.398696240838888, 48.124657180384631 ], [ 16.398233586410925, 48.123346004814323 ], [ 16.397976418077292, 48.123399832836057 ], [ 16.398435880811292, 48.124719700353921 ] ] ] } },
{ "type": "Feature", "properties": { "crop": "Legume" }, "geometry": { "type": "Polygon", "coordinates": [ [ [ 16.399965529585586, 48.087489086052521 ], [ 16.400365097471308, 48.087816020193252 ], [ 16.401822536081227, 48.085881859959898 ], [ 16.40179995500398, 48.085859392197214 ], [ 16.401807206237606, 48.085844948185859 ], [ 16.401854169734179, 48.085837899299683 ], [ 16.402223891819176, 48.085338147837312 ], [ 16.401378401392151, 48.084984146800998 ], [ 16.400957026745459, 48.085651430269372 ], [ 16.400376288634845, 48.086524457038124 ], [ 16.399783442951559, 48.087381162910376 ], [ 16.399965529585586, 48.087489086052521 ] ] ] } },
{ "type": "Feature", "properties": { "crop": "Soy" }, "geometry": { "type": "Polygon", "coordinates": [ [ [ 16.395960427631678, 48.12378383075923 ], [ 16.396031122438387, 48.124044876969556 ], [ 16.396453936000398, 48.125260987004992 ], [ 16.396659867259132, 48.125221991501739 ], [ 16.39736872728497, 48.125029478127928 ], [ 16.396872359072177, 48.123609000754804 ], [ 16.395960427631678, 48.12378383075923 ] ] ] } },
{ "type": "Feature", "properties": { "crop": "Soy" }, "geometry": { "type": "Polygon", "coordinates": [ [ [ 16.39945806733601, 48.125208082586987 ], [ 16.400019747013744, 48.126760787280539 ], [ 16.401181363529133, 48.12986351309069 ], [ 16.401333395719689, 48.129711363088965 ], [ 16.401413201558057, 48.129605603715667 ], [ 16.399755893120016, 48.125110656331792 ], [ 16.39945806733601, 48.125208082586987 ] ] ] } },
{ "type": "Feature", "properties": { "crop": "Soy" }, "geometry": { "type": "Polygon", "coordinates": [ [ [ 16.3959505944444, 48.1253860988894 ], [ 16.395463341759864, 48.123949216982858 ], [ 16.395239932177166, 48.124040518854933 ], [ 16.395059110889292, 48.124140798658971 ], [ 16.395510262988296, 48.125475308938412 ], [ 16.395714331751037, 48.125444385749873 ], [ 16.3959505944444, 48.1253860988894 ] ] ] } },
{ "type": "Feature", "properties": { "crop": "Soy" }, "geometry": { "type": "Polygon", "coordinates": [ [ [ 16.397976418077292, 48.123399832836057 ], [ 16.397082382246197, 48.123568816347863 ], [ 16.397575330337247, 48.124973365828218 ], [ 16.398436575087942, 48.124721680661082 ], [ 16.397976418077292, 48.123399832836057 ] ] ] } },
{ "type": "Feature", "properties": { "crop": "Soy" }, "geometry": { "type": "Polygon", "coordinates": [ [ [ 16.398696033095518, 48.124656627301583 ], [ 16.399043698407979, 48.12456137111041 ], [ 16.398577500651186, 48.123273959225912 ], [ 16.398233586410925, 48.123346004814323 ], [ 16.398696033095518, 48.124656627301583 ] ] ] } },
{ "type": "Feature", "properties": { "crop": "Soy" }, "geometry": { "type": "Polygon", "coordinates": [ [ [ 16.399319046536846, 48.08632648837682 ], [ 16.399410914981786, 48.086107807429414 ], [ 16.400395465778161, 48.08457056388044 ], [ 16.400142515264918, 48.084463857521072 ], [ 16.398397177587754, 48.087196202043117 ], [ 16.39873682274623, 48.087241526075616 ], [ 16.399319046536846, 48.08632648837682 ] ] ] } },
{ "type": "Feature", "properties": { "crop": "Soy" }, "geometry": { "type": "Polygon", "coordinates": [ [ [ 16.376448294053603, 48.10339670719236 ], [ 16.378531902725175, 48.107354317747593 ], [ 16.379203210659682, 48.107120670282768 ], [ 16.377131488327564, 48.103233080942005 ], [ 16.376448294053603, 48.10339670719236 ] ] ] } },
{ "type": "Feature", "properties": { "crop": "Soy" }, "geometry": { "type": "Polygon", "coordinates": [ [ [ 16.40569343940075, 48.112083451290289 ], [ 16.404302907653118, 48.112979949465156 ], [ 16.405874846247219, 48.115265491334291 ], [ 16.405874846247219, 48.112346129290891 ], [ 16.40569343940075, 48.112083451290289 ] ] ] } },
{ "type": "Feature", "properties": { "crop": "Soy" }, "geometry": { "type": "Polygon", "coordinates": [ [ [ 16.369036332660698, 48.11943453577527 ], [ 16.367065475591289, 48.115459661833995 ], [ 16.366532193805767, 48.115526083062313 ], [ 16.368519699124874, 48.119534865941375 ], [ 16.369036332660698, 48.11943453577527 ] ] ] } },
{ "type": "Feature", "properties": { "crop": "Soy" }, "geometry": { "type": "Polygon", "coordinates": [ [ [ 16.376232863256064, 48.131256172634323 ], [ 16.375344904144072, 48.128552264675299 ], [ 16.375102291337726, 48.128585808488303 ], [ 16.376151149620188, 48.131692123992366 ], [ 16.376399996489557, 48.131692123992366 ], [ 16.376232863256064, 48.131256172634323 ] ] ] } },
{ "type": "Feature", "properties": { "crop": "Soy" }, "geometry": { "type": "Polygon", "coordinates": [ [ [ 16.36957477835341, 48.111168190559624 ], [ 16.369755818176543, 48.111609120964204 ], [ 16.370213632453215, 48.111991017171754 ], [ 16.371023135609278, 48.112495735589775 ], [ 16.370342207626834, 48.111061237785982 ], [ 16.370111656527797, 48.111112841784291 ], [ 16.369963253101673, 48.111105848656045 ], [ 16.369785437348128, 48.111056024416037 ], [ 16.36965304994834, 48.111046811761014 ], [ 16.369586938086798, 48.111095013624038 ], [ 16.36957477835341, 48.111168190559624 ] ] ] } },
{ "type": "Feature", "properties": { "crop": "Soy" }, "geometry": { "type": "Polygon", "coordinates": [ [ [ 16.386684588922662, 48.131400112725089 ], [ 16.386668902048257, 48.131416288830728 ], [ 16.386779747818299, 48.131692123992366 ], [ 16.387234117545596, 48.131692123992366 ], [ 16.387164046283772, 48.131515227745638 ], [ 16.386684588922662, 48.131400112725089 ] ] ] } },
{ "type": "Feature", "properties": { "crop": "Soy" }, "geometry": { "type": "Polygon", "coordinates": [ [ [ 16.389577358108625, 48.09308656359412 ], [ 16.392874782645151, 48.094126846277 ], [ 16.393303999380123, 48.094207412941785 ], [ 16.393280035145551, 48.092754128300435 ], [ 16.393179810200138, 48.092071852234255 ], [ 16.393057041948964, 48.091505372874735 ], [ 16.392889149314843, 48.090858569667319 ], [ 16.392544302477631, 48.089624153032268 ], [ 16.392512228156875, 48.089577274071978 ], [ 16.392450946553993, 48.089532578665626 ], [ 16.39205149288216, 48.089346034092266 ], [ 16.390648630529938, 48.088784148469756 ], [ 16.389577358108625, 48.09308656359412 ] ] ] } },
{ "type": "Feature", "properties": { "crop": "Soy" }, "geometry": { "type": "Polygon", "coordinates": [ [ [ 16.397381782743139, 48.121139938157675 ], [ 16.397930539163099, 48.12244231655972 ], [ 16.398260551683165, 48.123301107060506 ], [ 16.398657492649193, 48.123220512516696 ], [ 16.397601517695932, 48.120551407421551 ], [ 16.39694255025853, 48.119168847264518 ], [ 16.396759809817411, 48.119839065220724 ], [ 16.397381782743139, 48.121139938157675 ] ] ] } },
{ "type": "Feature", "properties": { "crop": "Soy" }, "geometry": { "type": "Polygon", "coordinates": [ [ [ 16.375337492831079, 48.128511747519205 ], [ 16.37497213065933, 48.127459973299217 ], [ 16.374700636125514, 48.127478761036052 ], [ 16.37508493801954, 48.128544976569465 ], [ 16.375337492831079, 48.128511747519205 ] ] ] } },
{ "type": "Feature", "properties": { "crop": "Soy" }, "geometry": { "type": "Polygon", "coordinates": [ [ [ 16.386212006878679, 48.128541917075893 ], [ 16.386020447685553, 48.128512868973765 ], [ 16.385725428685646, 48.128432594588617 ], [ 16.386589974847539, 48.131176098798001 ], [ 16.386894288340784, 48.130655421910255 ], [ 16.386212006878679, 48.128541917075893 ] ] ] } },
{ "type": "Feature", "properties": { "crop": "Soy" }, "geometry": { "type": "Polygon", "coordinates": [ [ [ 16.388975390489158, 48.131692123992366 ], [ 16.388145465640775, 48.129281506936024 ], [ 16.388056583844332, 48.12931373414159 ], [ 16.387935462251846, 48.129326868740065 ], [ 16.388755926379073, 48.131692123992366 ], [ 16.388975390489158, 48.131692123992366 ] ] ] } },
{ "type": "Feature", "properties": { "crop": "Soy" }, "geometry": { "type": "Polygon", "coordinates": [ [ [ 16.394530988514362, 48.126835230461559 ], [ 16.396160329835425, 48.131372498142348 ], [ 16.39624816931763, 48.131359135116035 ], [ 16.395615816416864, 48.129552525728506 ], [ 16.394631569591297, 48.126830786911341 ], [ 16.394530988514362, 48.126835230461559 ] ] ] } },
{ "type": "Feature", "properties": { "crop": "Soy" }, "geometry": { "type": "Polygon", "coordinates": [ [ [ 16.386698869257486, 48.131365228922213 ], [ 16.387148247893379, 48.131477480501353 ], [ 16.386955802868044, 48.13092473558811 ], [ 16.386896788456056, 48.131028288924419 ], [ 16.386698869257486, 48.131365228922213 ] ] ] } },
{ "type": "Feature", "properties": { "crop": "Soy" }, "geometry": { "type": "Polygon", "coordinates": [ [ [ 16.360915445591388, 48.089369161957336 ], [ 16.359979831404132, 48.08932980402728 ], [ 16.359808041108238, 48.089368784242026 ], [ 16.360016531837516, 48.091463389823616 ], [ 16.360120976402015, 48.092355519091988 ], [ 16.363273462600262, 48.092767437367392 ], [ 16.362804995853935, 48.089221719906504 ], [ 16.360915445591388, 48.089369161957336 ] ] ] } },
{ "type": "Feature", "properties": { "crop": "Soy" }, "geometry": { "type": "Polygon", "coordinates": [ [ [ 16.373136678215189, 48.095920920014507 ], [ 16.374077204499429, 48.097703370913905 ], [ 16.374195403295289, 48.097505613593221 ], [ 16.374380356068627, 48.097248020779602 ], [ 16.374976580504839, 48.096642022511389 ], [ 16.375229011209967, 48.096331846337691 ], [ 16.374808886620883, 48.095515962491731 ], [ 16.373136678215189, 48.095920920014507 ] ] ] } },
{ "type": "Feature", "properties": { "crop": "Soy" }, "geometry": { "type": "Polygon", "coordinates": [ [ [ 16.371693987587491, 48.103292443391574 ], [ 16.372133725491096, 48.10252570929412 ], [ 16.372413249172155, 48.101924768813085 ], [ 16.371220852460397, 48.09979479109677 ], [ 16.370275774707295, 48.09996900056899 ], [ 16.369897090878112, 48.100082793586118 ], [ 16.371693987587491, 48.103292443391574 ] ] ] } },
{ "type": "Feature", "properties": { "crop": "Soy" }, "geometry": { "type": "Polygon", "coordinates": [ [ [ 16.364814967137079, 48.086046356754018 ], [ 16.364439035233318, 48.085990916247844 ], [ 16.36527629596435, 48.089035260768703 ], [ 16.366060480506803, 48.089120928388176 ], [ 16.365270680597462, 48.086192394963128 ], [ 16.364814967137079, 48.086046356754018 ] ] ] } },
{ "type": "Feature", "properties": { "crop": "Soy" }, "geometry": { "type": "Polygon", "coordinates": [ [ [ 16.360421117940291, 48.107995048732562 ], [ 16.360897633618947, 48.108836938274123 ], [ 16.361681602324154, 48.108654149269626 ], [ 16.361195566422282, 48.107786519332485 ], [ 16.360421117940291, 48.107995048732562 ] ] ] } },
{ "type": "Feature", "properties": { "crop": "Soy" }, "geometry": { "type": "Polygon", "coordinates": [ [ [ 16.383996048578808, 48.092653735181777 ], [ 16.386052034573765, 48.096791166978846 ], [ 16.387139145854974, 48.096542028691701 ], [ 16.385177557198574, 48.092566991973172 ], [ 16.384920200007286, 48.092556942948583 ], [ 16.383996048578808, 48.092653735181777 ] ] ] } },
{ "type": "Feature", "properties": { "crop": "Soy" }, "geometry": { "type": "Polygon", "coordinates": [ [ [ 16.373866314378972, 48.091861411774794 ], [ 16.374165580876934, 48.092378527347201 ], [ 16.375005895705556, 48.092167091338226 ], [ 16.375061829040249, 48.092166912373152 ], [ 16.375489088850429, 48.092846755773209 ], [ 16.377143671443321, 48.091010500234461 ], [ 16.373866314378972, 48.091861411774794 ] ] ] } },
{ "type": "Feature", "properties": { "crop": "Summer Grain" }, "geometry": { "type": "Polygon", "coordinates": [ [ [ 16.380703705211886, 48.12979364476093 ], [ 16.380078019884763, 48.12769850318341 ], [ 16.379698523068441, 48.127678615575682 ], [ 16.380352002842699, 48.129712873950034 ], [ 16.380703705211886, 48.12979364476093 ] ] ] } },
{ "type": "Feature", "properties": { "crop": "Summer Grain" }, "geometry": { "type": "Polygon", "coordinates": [ [ [ 16.376827330417029, 48.12876757586298 ], [ 16.376685336459161, 48.128722754551511 ], [ 16.377703405799071, 48.131692123992366 ], [ 16.377821431322293, 48.131692123992366 ], [ 16.376827330417029, 48.12876757586298 ] ] ] } },
{ "type": "Feature", "properties": { "crop": "Summer Grain" }, "geometry": { "type": "Polygon", "coordinates": [ [ [ 16.376817314667392, 48.128721627700997 ], [ 16.376455529099417, 48.127542309829778 ], [ 16.376321285498989, 48.127543262211809 ], [ 16.376671883500649, 48.128675293729877 ], [ 16.376817314667392, 48.128721627700997 ] ] ] } },
{ "type": "Feature", "properties": { "crop": "Summer Grain" }, "geometry": { "type": "Polygon", "coordinates": [ [ [ 16.381010740475453, 48.131692123992366 ], [ 16.381336069681272, 48.131692123992366 ], [ 16.38071896400902, 48.129841788168051 ], [ 16.380368875922954, 48.129762873557816 ], [ 16.381010740475453, 48.131692123992366 ] ] ] } },
{ "type": "Feature", "properties": { "crop": "Summer Grain" }, "geometry": { "type": "Polygon", "coordinates": [ [ [ 16.375898595144122, 48.128532860003531 ], [ 16.376370083612532, 48.129935029877807 ], [ 16.376403170569915, 48.13006872758978 ], [ 16.376964155708244, 48.131692123992366 ], [ 16.377703430454254, 48.131692123992366 ], [ 16.376685887743577, 48.128724351747515 ], [ 16.376187769450041, 48.12857968680315 ], [ 16.375898595144122, 48.128532860003531 ] ] ] } },
{ "type": "Feature", "properties": { "crop": "Summer Grain" }, "geometry": { "type": "Polygon", "coordinates": [ [ [ 16.38830433414574, 48.131692123992366 ], [ 16.38850123043699, 48.131692123992366 ], [ 16.387768016580765, 48.129563249244605 ], [ 16.387648879792039, 48.129790085244281 ], [ 16.38830433414574, 48.131692123992366 ] ] ] } },
{ "type": "Feature", "properties": { "crop": "Summer Grain" }, "geometry": { "type": "Polygon", "coordinates": [ [ [ 16.395960414141825, 48.123783831658557 ], [ 16.395540316532447, 48.123835496810777 ], [ 16.395443289576178, 48.123886995588407 ], [ 16.395951445203082, 48.125388669151796 ], [ 16.396459052243529, 48.125275725094689 ], [ 16.396031108948591, 48.124044877868876 ], [ 16.395960414141825, 48.123783831658557 ] ] ] } },
{ "type": "Feature", "properties": { "crop": "Summer Grain" }, "geometry": { "type": "Polygon", "coordinates": [ [ [ 16.389112468865392, 48.096095158264973 ], [ 16.387617226353939, 48.093101693788192 ], [ 16.387133187846416, 48.092984251322193 ], [ 16.388728025777823, 48.096181824131904 ], [ 16.389112468865392, 48.096095158264973 ] ] ] } },
{ "type": "Feature", "properties": { "crop": "Summer Grain" }, "geometry": { "type": "Polygon", "coordinates": [ [ [ 16.364723744405353, 48.101859028371507 ], [ 16.36512163325682, 48.101725890037869 ], [ 16.36600406963214, 48.101385971485449 ], [ 16.363497677975488, 48.096390253707277 ], [ 16.36250871510515, 48.097428691880687 ], [ 16.364723744405353, 48.101859028371507 ] ] ] } },
{ "type": "Feature", "properties": { "crop": "Summer Grain" }, "geometry": { "type": "Polygon", "coordinates": [ [ [ 16.36558747847937, 48.10606088849925 ], [ 16.367552273218905, 48.109550012523123 ], [ 16.367568315325514, 48.109569939701032 ], [ 16.368015618326183, 48.109096410670865 ], [ 16.368295240932696, 48.108741096624392 ], [ 16.366645693643875, 48.105795221572301 ], [ 16.36558747847937, 48.10606088849925 ] ] ] } },
{ "type": "Feature", "properties": { "crop": "Summer Grain" }, "geometry": { "type": "Polygon", "coordinates": [ [ [ 16.363862801826883, 48.095999593606393 ], [ 16.363497677975488, 48.096390253707277 ], [ 16.36600406963214, 48.101385971485449 ], [ 16.366483832762697, 48.101228839239575 ], [ 16.363862801826883, 48.095999593606393 ] ] ] } },
{ "type": "Feature", "properties": { "crop": "Summer Grain" }, "geometry": { "type": "Polygon", "coordinates": [ [ [ 16.377031761606588, 48.122643281762116 ], [ 16.378811944415762, 48.126782201037827 ], [ 16.379390229175783, 48.126686357589385 ], [ 16.380710489697378, 48.126552171545534 ], [ 16.378862312745582, 48.122284808397232 ], [ 16.377031761606588, 48.122643281762116 ] ] ] } },
{ "type": "Feature", "properties": { "crop": "Summer Grain" }, "geometry": { "type": "Polygon", "coordinates": [ [ [ 16.371330223511052, 48.126265301302674 ], [ 16.371636904019965, 48.126264487416215 ], [ 16.371819874687507, 48.126287455201982 ], [ 16.370767238916983, 48.123856242371744 ], [ 16.370012132154216, 48.124002680779135 ], [ 16.371023459365233, 48.126337255160252 ], [ 16.371330223511052, 48.126265301302674 ] ] ] } },
{ "type": "Feature", "properties": { "crop": "Summer Grain" }, "geometry": { "type": "Polygon", "coordinates": [ [ [ 16.366532193805767, 48.115526083062313 ], [ 16.365284083193956, 48.115680999378689 ], [ 16.367312241466834, 48.119769213978081 ], [ 16.368519699124874, 48.119534865941375 ], [ 16.366532193805767, 48.115526083062313 ] ] ] } },
{ "type": "Feature", "properties": { "crop": "Summer Grain" }, "geometry": { "type": "Polygon", "coordinates": [ [ [ 16.39007116864957, 48.088527302992702 ], [ 16.391552184785553, 48.086189750956287 ], [ 16.391398330568563, 48.085657859522648 ], [ 16.38967958314629, 48.08837540300248 ], [ 16.39007116864957, 48.088527302992702 ] ] ] } },
{ "type": "Feature", "properties": { "crop": "Summer Grain" }, "geometry": { "type": "Polygon", "coordinates": [ [ [ 16.399783442951559, 48.087381162910376 ], [ 16.400145332840907, 48.086837322184749 ], [ 16.400227804269779, 48.086553815406319 ], [ 16.400331985332912, 48.086428368974119 ], [ 16.401077531403018, 48.0853334614701 ], [ 16.400840171536743, 48.085231926212479 ], [ 16.401088461763155, 48.084862710445798 ], [ 16.400427611145403, 48.084584118462367 ], [ 16.39873682274623, 48.087241526075616 ], [ 16.399439692387944, 48.087317034953237 ], [ 16.399783442951559, 48.087381162910376 ] ] ] } },
{ "type": "Feature", "properties": { "crop": "Summer Grain" }, "geometry": { "type": "Polygon", "coordinates": [ [ [ 16.384336008500043, 48.097182585208202 ], [ 16.386050599255782, 48.096790997906282 ], [ 16.383967895302192, 48.092656942164183 ], [ 16.383915231902506, 48.092662945138841 ], [ 16.38376518361639, 48.093272174671192 ], [ 16.38365438174435, 48.093452282796648 ], [ 16.383456424774238, 48.093578846186844 ], [ 16.382646015101557, 48.093758767253348 ], [ 16.384336008500043, 48.097182585208202 ] ] ] } },
{ "type": "Feature", "properties": { "crop": "Summer Grain" }, "geometry": { "type": "Polygon", "coordinates": [ [ [ 16.395905232640416, 48.087310308923691 ], [ 16.396739546293077, 48.087011917466107 ], [ 16.395786206468301, 48.086884799194195 ], [ 16.395905232640416, 48.087310308923691 ] ] ] } },
{ "type": "Feature", "properties": { "crop": "Summer Grain" }, "geometry": { "type": "Polygon", "coordinates": [ [ [ 16.3740188196129, 48.103939127888509 ], [ 16.375694096505413, 48.103538900799663 ], [ 16.373686398708401, 48.099384811759705 ], [ 16.373432106406653, 48.099380129889148 ], [ 16.37338083785545, 48.099405772258642 ], [ 16.373273084685138, 48.099677140887415 ], [ 16.372763803107091, 48.101336310022752 ], [ 16.3740188196129, 48.103939127888509 ] ] ] } },
{ "type": "Feature", "properties": { "crop": "Summer Grain" }, "geometry": { "type": "Polygon", "coordinates": [ [ [ 16.373686398708401, 48.099384811759705 ], [ 16.375694096505413, 48.103538900799663 ], [ 16.376396491305059, 48.10337049015606 ], [ 16.374477352447911, 48.099399765686712 ], [ 16.373686398708401, 48.099384811759705 ] ] ] } },
{ "type": "Feature", "properties": { "crop": "Summer Grain" }, "geometry": { "type": "Polygon", "coordinates": [ [ [ 16.36204530884396, 48.085622273349308 ], [ 16.362469500167322, 48.087300800391681 ], [ 16.362565214113374, 48.088087967985352 ], [ 16.362626673782017, 48.089094762613286 ], [ 16.363543055967284, 48.089026234273305 ], [ 16.362769851247663, 48.085721915534009 ], [ 16.36204530884396, 48.085622273349308 ] ], [ [ 16.363017824912731, 48.088461147963635 ], [ 16.363025099528784, 48.088503055471676 ], [ 16.362976839209807, 48.088504315421858 ], [ 16.362959728708574, 48.088459423963286 ], [ 16.363017824912731, 48.088461147963635 ] ] ] } },
{ "type": "Feature", "properties": { "crop": "Summer Grain" }, "geometry": { "type": "Polygon", "coordinates": [ [ [ 16.378527504141061, 48.107503871406607 ], [ 16.377492071501933, 48.107837912889401 ], [ 16.37900092255461, 48.110972628484085 ], [ 16.380073711232853, 48.110712975323622 ], [ 16.378527504141061, 48.107503871406607 ] ] ] } },
{ "type": "Feature", "properties": { "crop": "Summer Grain" }, "geometry": { "type": "Polygon", "coordinates": [ [ [ 16.386813513033246, 48.128574473433268 ], [ 16.386539776489542, 48.12858007800827 ], [ 16.38621856923163, 48.128562307404586 ], [ 16.386894288340784, 48.130655421910255 ], [ 16.387304254188052, 48.129947894679667 ], [ 16.386813513033246, 48.128574473433268 ] ] ] } },
{ "type": "Feature", "properties": { "crop": "Summer Grain" }, "geometry": { "type": "Polygon", "coordinates": [ [ [ 16.387148247893379, 48.131477480501353 ], [ 16.387519890030944, 48.131573804187781 ], [ 16.387164857472271, 48.130568604957205 ], [ 16.386955817257217, 48.130924752675249 ], [ 16.387148247893379, 48.131477480501353 ] ] ] } },
{ "type": "Feature", "properties": { "crop": "Winter Grain" }, "geometry": { "type": "Polygon", "coordinates": [ [ [ 16.393919989116227, 48.095361526413335 ], [ 16.394016891066713, 48.095429526851262 ], [ 16.39429844541695, 48.095532430877014 ], [ 16.394404328896712, 48.095601860337624 ], [ 16.394482597793683, 48.095685053022805 ], [ 16.394557368327924, 48.096002037963729 ], [ 16.394613128992773, 48.096071780388399 ], [ 16.394804715165549, 48.096187564504532 ], [ 16.395436506889325, 48.096400613897295 ], [ 16.396632991019771, 48.096619291247343 ], [ 16.398273383210096, 48.096837260830974 ], [ 16.398799273467773, 48.096881043425455 ], [ 16.399359103240045, 48.096878289701358 ], [ 16.399539332774054, 48.096859402139735 ], [ 16.399801781926726, 48.096804616340016 ], [ 16.3999711350599, 48.096743457944285 ], [ 16.40012909108475, 48.096630257580379 ], [ 16.400139970183545, 48.096560764267906 ], [ 16.400106161969859, 48.096524817466374 ], [ 16.399405394943074, 48.09629130579917 ], [ 16.394611256604268, 48.094807246357391 ], [ 16.393890929322993, 48.094605485254981 ], [ 16.393838024005674, 48.09474115967685 ], [ 16.393919989116227, 48.095361526413335 ] ] ] } },
{ "type": "Feature", "properties": { "crop": "Winter Grain" }, "geometry": { "type": "Polygon", "coordinates": [ [ [ 16.389501912183562, 48.093218435682324 ], [ 16.390793714558356, 48.09569302461346 ], [ 16.390495555125824, 48.095773452782673 ], [ 16.390583060959557, 48.095960290535054 ], [ 16.390716854898983, 48.096220866399904 ], [ 16.391153865158799, 48.0969644654378 ], [ 16.392101613898433, 48.098511132982495 ], [ 16.394134878521868, 48.098052209841683 ], [ 16.393982643084541, 48.097699590163991 ], [ 16.393752445419068, 48.096984065262454 ], [ 16.39367969566149, 48.096836544071323 ], [ 16.393548745378329, 48.096728693774246 ], [ 16.393362168429405, 48.096653307204406 ], [ 16.393280898494709, 48.096589485916063 ], [ 16.393196993546439, 48.096480818135312 ], [ 16.393149226055982, 48.096381028461728 ], [ 16.392773700645819, 48.096149326230488 ], [ 16.392722525624094, 48.096072277713517 ], [ 16.392702652405546, 48.095965738627967 ], [ 16.392813409311429, 48.095800404565061 ], [ 16.392885063694795, 48.095740167075114 ], [ 16.393183893122227, 48.095608524314002 ], [ 16.393243388671522, 48.095558888931642 ], [ 16.393270755940705, 48.09551209001097 ], [ 16.39327119480987, 48.095354643901779 ], [ 16.393252801875349, 48.095275146530874 ], [ 16.39332782062246, 48.095231475452294 ], [ 16.393316784142314, 48.095019872169416 ], [ 16.393273568120719, 48.094784143673337 ], [ 16.39313252474625, 48.094792608092462 ], [ 16.393219735602372, 48.094411859419836 ], [ 16.392505454463219, 48.094169850058556 ], [ 16.39067426930211, 48.093602444397334 ], [ 16.389880843326296, 48.093342562809084 ], [ 16.38953732029114, 48.093206025038043 ], [ 16.389501912183562, 48.093218435682324 ] ] ] } },
{ "type": "Feature", "properties": { "crop": "Winter Grain" }, "geometry": { "type": "Polygon", "coordinates": [ [ [ 16.40117022632495, 48.094500150361682 ], [ 16.400741847758127, 48.094565727126671 ], [ 16.398522343431466, 48.094622154189096 ], [ 16.397209137191965, 48.094588250647284 ], [ 16.395334423944576, 48.094859487075723 ], [ 16.395363089834802, 48.094896299924358 ], [ 16.400155659755967, 48.096389256359153 ], [ 16.400247333947334, 48.096382008722784 ], [ 16.400312974564201, 48.096356928429536 ], [ 16.400539873516379, 48.096200617264735 ], [ 16.400443276436135, 48.096148009622986 ], [ 16.400727064702323, 48.09589977695321 ], [ 16.400856330555257, 48.095956896493639 ], [ 16.401344775740881, 48.095559780159761 ], [ 16.402153170932138, 48.09513819417235 ], [ 16.402211731186469, 48.095081276979386 ], [ 16.401812080563104, 48.094331901596036 ], [ 16.40172020132627, 48.094318495402312 ], [ 16.40117022632495, 48.094500150361682 ] ] ] } },
{ "type": "Feature", "properties": { "crop": "Winter Grain" }, "geometry": { "type": "Polygon", "coordinates": [ [ [ 16.399337811790645, 48.117510955166487 ], [ 16.399915791680485, 48.119069552218079 ], [ 16.400618670315453, 48.120699202006612 ], [ 16.400928698100984, 48.121476145207957 ], [ 16.401358563247129, 48.122664496769175 ], [ 16.401786893250573, 48.12257526603576 ], [ 16.400101076303656, 48.118436856675658 ], [ 16.399352083132158, 48.116524992434499 ], [ 16.399307805011233, 48.11636536007336 ], [ 16.399101285595918, 48.116399903033134 ], [ 16.398934933500414, 48.116508342386176 ], [ 16.399337811790645, 48.117510955166487 ] ] ] } },
{ "type": "Feature", "properties": { "crop": "Winter Grain" }, "geometry": { "type": "Polygon", "coordinates": [ [ [ 16.364454782362372, 48.12883024242182 ], [ 16.363499244594493, 48.128850364752566 ], [ 16.36216588005135, 48.129017905751816 ], [ 16.362234206943128, 48.129218441078251 ], [ 16.364551861479299, 48.129074274358345 ], [ 16.364454782362372, 48.12883024242182 ] ] ] } },
{ "type": "Feature", "properties": { "crop": "Winter Grain" }, "geometry": { "type": "Polygon", "coordinates": [ [ [ 16.374972082095951, 48.108627264936395 ], [ 16.374556456815071, 48.10877254951361 ], [ 16.376086900590053, 48.111949009839016 ], [ 16.376506187910309, 48.111811266976417 ], [ 16.374972082095951, 48.108627264936395 ] ] ] } },
{ "type": "Feature", "properties": { "crop": "Winter Grain" }, "geometry": { "type": "Polygon", "coordinates": [ [ [ 16.380192157342265, 48.109962764470076 ], [ 16.38066164212114, 48.109831008394394 ], [ 16.379805392205128, 48.108103400851356 ], [ 16.379480094830569, 48.10819271252371 ], [ 16.379448401822344, 48.108123636496657 ], [ 16.379326955574584, 48.108166931658616 ], [ 16.380192157342265, 48.109962764470076 ] ] ] } },
{ "type": "Feature", "properties": { "crop": "Winter Grain" }, "geometry": { "type": "Polygon", "coordinates": [ [ [ 16.385718580348282, 48.125919869906113 ], [ 16.383734307192586, 48.121338765671567 ], [ 16.383147176700902, 48.121452779921924 ], [ 16.385137294550532, 48.126047009761756 ], [ 16.385718580348282, 48.125919869906113 ] ] ] } },
{ "type": "Feature", "properties": { "crop": "Winter Grain" }, "geometry": { "type": "Polygon", "coordinates": [ [ [ 16.387338126253553, 48.130295457469451 ], [ 16.387188076168854, 48.130554048530534 ], [ 16.387520663447901, 48.131574153124738 ], [ 16.38782155951742, 48.131634137905166 ], [ 16.387338126253553, 48.130295457469451 ] ] ] } },
{ "type": "Feature", "properties": { "crop": "Winter Grain" }, "geometry": { "type": "Polygon", "coordinates": [ [ [ 16.385236451101377, 48.121009612903372 ], [ 16.385753076543324, 48.120908208946723 ], [ 16.383881668304412, 48.116589043949261 ], [ 16.383365362121822, 48.116690162820817 ], [ 16.385236451101377, 48.121009612903372 ] ] ] } },
{ "type": "Feature", "properties": { "crop": "Winter Grain" }, "geometry": { "type": "Polygon", "coordinates": [ [ [ 16.385718668481843, 48.125919777275946 ], [ 16.385902262379545, 48.125875536926515 ], [ 16.383921228581869, 48.121302451946619 ], [ 16.38373429370273, 48.121338765671567 ], [ 16.385718668481843, 48.125919777275946 ] ] ] } },
{ "type": "Feature", "properties": { "crop": "Winter Grain" }, "geometry": { "type": "Polygon", "coordinates": [ [ [ 16.39160714415442, 48.126231194514048 ], [ 16.392447159508833, 48.126092010937604 ], [ 16.393552193379094, 48.125878602715382 ], [ 16.393210197392762, 48.124933861308712 ], [ 16.392007921628306, 48.125429636868319 ], [ 16.391375376272663, 48.125702915657087 ], [ 16.390992425160334, 48.125887080624359 ], [ 16.391159777301937, 48.126366369812168 ], [ 16.39160714415442, 48.126231194514048 ] ], [ [ 16.391465108827788, 48.126215759449792 ], [ 16.391473512092944, 48.126227187135044 ], [ 16.391455969017784, 48.12624124353863 ], [ 16.391421808269911, 48.12623567043989 ], [ 16.391465108827788, 48.126215759449792 ] ] ] } },
{ "type": "Feature", "properties": { "crop": "Winter Grain" }, "geometry": { "type": "Polygon", "coordinates": [ [ [ 16.395365182220409, 48.131692123992366 ], [ 16.3944827443832, 48.12917045864981 ], [ 16.393721672417314, 48.127037179522283 ], [ 16.393374812897321, 48.127194355834888 ], [ 16.394979975313614, 48.131692123992366 ], [ 16.395365182220409, 48.131692123992366 ] ] ] } },
{ "type": "Feature", "properties": { "crop": "Winter Grain" }, "geometry": { "type": "Polygon", "coordinates": [ [ [ 16.405874846247219, 48.130087620455484 ], [ 16.405834058295227, 48.129974832072882 ], [ 16.404896740792026, 48.130145945179258 ], [ 16.405492813266147, 48.131692123992366 ], [ 16.405874846247219, 48.131692123992366 ], [ 16.405874846247219, 48.130087620455484 ] ] ] } },
{ "type": "Feature", "properties": { "crop": "Winter Grain" }, "geometry": { "type": "Polygon", "coordinates": [ [ [ 16.405522265140462, 48.098010631485529 ], [ 16.40553820832173, 48.098040297421839 ], [ 16.405874846247219, 48.098148728846695 ], [ 16.405874846247219, 48.097762225337206 ], [ 16.405530416595525, 48.097971117073428 ], [ 16.405522265140462, 48.098010631485529 ] ] ] } },
{ "type": "Feature", "properties": { "crop": "Winter Grain" }, "geometry": { "type": "Polygon", "coordinates": [ [ [ 16.385871956125925, 48.10981061896495 ], [ 16.385565476165823, 48.10993177203369 ], [ 16.386172666035748, 48.110942484108428 ], [ 16.389286678337612, 48.110151835239037 ], [ 16.389342934528827, 48.110117889429098 ], [ 16.389345092901749, 48.110043820366059 ], [ 16.388626052550308, 48.108758093811048 ], [ 16.388523295114055, 48.108549843200763 ], [ 16.38740697115486, 48.108808633012075 ], [ 16.387405690520268, 48.10884570396609 ], [ 16.387361530210512, 48.108888540473806 ], [ 16.38713712867559, 48.108887115947709 ], [ 16.385930085605025, 48.109161827356509 ], [ 16.385548061693729, 48.109258473000196 ], [ 16.385375264157176, 48.109318024307406 ], [ 16.385871956125925, 48.10981061896495 ] ] ] } },
{ "type": "Feature", "properties": { "crop": "Winter Grain" }, "geometry": { "type": "Polygon", "coordinates": [ [ [ 16.395403543139082, 48.126530009552347 ], [ 16.396159320796073, 48.128767860948059 ], [ 16.396599100967762, 48.128695779386767 ], [ 16.39579527253386, 48.126318319934562 ], [ 16.395452475251602, 48.126457507108341 ], [ 16.395415311667364, 48.126478383071003 ], [ 16.395403543139082, 48.126530009552347 ] ] ] } },
{ "type": "Feature", "properties": { "crop": "Winter Grain" }, "geometry": { "type": "Polygon", "coordinates": [ [ [ 16.387763162040358, 48.12955018839051 ], [ 16.388500944554423, 48.131692123992366 ], [ 16.388755926379073, 48.131692123992366 ], [ 16.38793633819148, 48.129329430009243 ], [ 16.387897220380466, 48.129334968933726 ], [ 16.387763162040358, 48.12955018839051 ] ] ] } },
{ "type": "Feature", "properties": { "crop": "Winter Grain" }, "geometry": { "type": "Polygon", "coordinates": [ [ [ 16.397844104421949, 48.125733093307637 ], [ 16.396918528467381, 48.126004989838464 ], [ 16.397275228369153, 48.12700498019575 ], [ 16.397073454676217, 48.127024025138724 ], [ 16.397201523531521, 48.127330948464518 ], [ 16.397207942892294, 48.127396130427144 ], [ 16.397608714070941, 48.128523806528506 ], [ 16.39879384215131, 48.131692123992366 ], [ 16.40004405075819, 48.131692123992366 ], [ 16.399313009387924, 48.129815673654484 ], [ 16.397844104421949, 48.125733093307637 ] ] ] } },
{ "type": "Feature", "properties": { "crop": "Winter Grain" }, "geometry": { "type": "Polygon", "coordinates": [ [ [ 16.391369929978339, 48.106273351534021 ], [ 16.391502836286918, 48.106455823077852 ], [ 16.391650275639734, 48.106551357159447 ], [ 16.391882487786631, 48.106641956660994 ], [ 16.392026143691623, 48.106638062596566 ], [ 16.394599680530863, 48.10603693415726 ], [ 16.394672607454936, 48.105997684145848 ], [ 16.394691670384304, 48.105968228650902 ], [ 16.394670696395565, 48.105874196437078 ], [ 16.394436137018147, 48.105562624515585 ], [ 16.394380015725176, 48.105546369269561 ], [ 16.394130917907603, 48.105553821052069 ], [ 16.393841486395559, 48.10533656912741 ], [ 16.393614014575178, 48.105035459019277 ], [ 16.393521450954267, 48.104943449380762 ], [ 16.393330078820156, 48.104974064101839 ], [ 16.39152937438115, 48.105649893827596 ], [ 16.391527470516394, 48.105927332880178 ], [ 16.391487036097885, 48.105964841804052 ], [ 16.391372389624109, 48.105983617849738 ], [ 16.391349371476338, 48.106049423042514 ], [ 16.391337021086713, 48.106178319274079 ], [ 16.391369929978339, 48.106273351534021 ] ] ] } },
{ "type": "Feature", "properties": { "crop": "Winter Grain" }, "geometry": { "type": "Polygon", "coordinates": [ [ [ 16.400318537770374, 48.124134420667019 ], [ 16.401231473753569, 48.123823658135393 ], [ 16.401902134176225, 48.12356653836509 ], [ 16.401600930538564, 48.122647558937729 ], [ 16.399895470599517, 48.123011013647442 ], [ 16.400318537770374, 48.124134420667019 ] ] ] } },
{ "type": "Feature", "properties": { "crop": "Winter Grain" }, "geometry": { "type": "Polygon", "coordinates": [ [ [ 16.395177873560044, 48.125508589250046 ], [ 16.395512923182935, 48.1254832598446 ], [ 16.395063124563592, 48.124153026740835 ], [ 16.39479080535142, 48.124285437522985 ], [ 16.39473664188256, 48.124359051529041 ], [ 16.394718483671113, 48.124452457814755 ], [ 16.394785048790993, 48.124694842193257 ], [ 16.395045038297951, 48.125466429032549 ], [ 16.395177873560044, 48.125508589250046 ] ] ] } },
{ "type": "Feature", "properties": { "crop": "Winter Grain" }, "geometry": { "type": "Polygon", "coordinates": [ [ [ 16.401016793889994, 48.129996458070138 ], [ 16.401177696093839, 48.129853310282094 ], [ 16.400019747013744, 48.126760787280539 ], [ 16.399456143686109, 48.125202830546243 ], [ 16.399294917726309, 48.125254929171724 ], [ 16.400108697158714, 48.12753317271779 ], [ 16.401016793889994, 48.129996458070138 ] ] ] } },
{ "type": "Feature", "properties": { "crop": "Winter Grain" }, "geometry": { "type": "Polygon", "coordinates": [ [ [ 16.401342039103895, 48.130273823378275 ], [ 16.401320882552739, 48.130278335277012 ], [ 16.401306657975908, 48.130234155182166 ], [ 16.401324296379244, 48.130227432749841 ], [ 16.401199373352426, 48.129900975249875 ], [ 16.401035732712955, 48.130035525519126 ], [ 16.401430978456915, 48.130976246956266 ], [ 16.401701857361189, 48.131692123992366 ], [ 16.401884774120521, 48.131692123992366 ], [ 16.401342039103895, 48.130273823378275 ] ] ] } },
{ "type": "Feature", "properties": { "crop": "Winter Grain" }, "geometry": { "type": "Polygon", "coordinates": [ [ [ 16.377635333503861, 48.126882629230003 ], [ 16.378168126957519, 48.126872485776623 ], [ 16.378551879365773, 48.126829174426916 ], [ 16.378609721961141, 48.126802152497426 ], [ 16.376824456183783, 48.122680441749026 ], [ 16.37589362099385, 48.122861082273161 ], [ 16.377635333503861, 48.126882629230003 ] ] ] } },
{ "type": "Feature", "properties": { "crop": "Winter Grain" }, "geometry": { "type": "Polygon", "coordinates": [ [ [ 16.386318809465536, 48.131210416927274 ], [ 16.386543072504821, 48.131257573778029 ], [ 16.386589974847539, 48.131176098798001 ], [ 16.385727215638557, 48.128438291793771 ], [ 16.385387417595268, 48.128307589723534 ], [ 16.386318809465536, 48.131210416927274 ] ] ] } },
{ "type": "Feature", "properties": { "crop": "Winter Grain" }, "geometry": { "type": "Polygon", "coordinates": [ [ [ 16.358667864430458, 48.102787271715279 ], [ 16.358679321793318, 48.102876901747663 ], [ 16.358729112758397, 48.102927891509019 ], [ 16.358816729208741, 48.102935204795919 ], [ 16.359413946496488, 48.102851619107014 ], [ 16.359947317314891, 48.102806633219586 ], [ 16.360929894998719, 48.102661772223087 ], [ 16.361547927994536, 48.102543088692649 ], [ 16.360200640147468, 48.099835335232569 ], [ 16.358697671560321, 48.101419349823175 ], [ 16.358782608030992, 48.101589223663773 ], [ 16.358841044178916, 48.101768206737404 ], [ 16.358856242721462, 48.101895613691674 ], [ 16.358825766495954, 48.10204585443266 ], [ 16.358641144673129, 48.102415540544825 ], [ 16.358612805236817, 48.102610451511175 ], [ 16.358667864430458, 48.102787271715279 ] ] ] } },
{ "type": "Feature", "properties": { "crop": "Winter Grain" }, "geometry": { "type": "Polygon", "coordinates": [ [ [ 16.361674592108784, 48.102518771024506 ], [ 16.362294721424291, 48.102399677403234 ], [ 16.360731610675316, 48.099280569542714 ], [ 16.360284660208947, 48.099747563199514 ], [ 16.361674592108784, 48.102518771024506 ] ] ] } },
{ "type": "Feature", "properties": { "crop": "Winter Grain" }, "geometry": { "type": "Polygon", "coordinates": [ [ [ 16.373376146991632, 48.126920054516965 ], [ 16.373663055905354, 48.126952713397024 ], [ 16.374028317353009, 48.126959722713067 ], [ 16.37508318254288, 48.126900016722459 ], [ 16.373535490670406, 48.12331896759634 ], [ 16.371716383404419, 48.123671951499432 ], [ 16.373098340116371, 48.126863426006366 ], [ 16.373376146991632, 48.126920054516965 ] ] ] } },
{ "type": "Feature", "properties": { "crop": "Winter Grain" }, "geometry": { "type": "Polygon", "coordinates": [ [ [ 16.3900639740732, 48.128065646912148 ], [ 16.39127556172496, 48.131692123992366 ], [ 16.391495727578331, 48.131692123992366 ], [ 16.391161618214142, 48.13074393678329 ], [ 16.390658689447037, 48.129013410940217 ], [ 16.390312883932495, 48.128014475487696 ], [ 16.3900639740732, 48.128065646912148 ] ] ] } },
{ "type": "Feature", "properties": { "crop": "Winter Grain" }, "geometry": { "type": "Polygon", "coordinates": [ [ [ 16.363063227186217, 48.102302617172093 ], [ 16.365200037052091, 48.106119849851268 ], [ 16.365262952723128, 48.106104054158834 ], [ 16.363128088090832, 48.102290300956668 ], [ 16.363063227186217, 48.102302617172093 ] ] ] } },
{ "type": "Feature", "properties": { "crop": "Winter Grain" }, "geometry": { "type": "Polygon", "coordinates": [ [ [ 16.363353791844077, 48.106621820840417 ], [ 16.365413172779768, 48.110299960774626 ], [ 16.365839162747193, 48.110351834569542 ], [ 16.363701797999624, 48.106534411234122 ], [ 16.363353791844077, 48.106621820840417 ] ] ] } },
{ "type": "Feature", "properties": { "crop": "Winter Grain" }, "geometry": { "type": "Polygon", "coordinates": [ [ [ 16.392344491105405, 48.127564242495843 ], [ 16.391611549033826, 48.127737984320554 ], [ 16.392879901515091, 48.131692123992366 ], [ 16.393758915594123, 48.131692123992366 ], [ 16.393082411823912, 48.129749238936256 ], [ 16.392344491105405, 48.127564242495843 ] ] ] } },
{ "type": "Feature", "properties": { "crop": "Winter Grain" }, "geometry": { "type": "Polygon", "coordinates": [ [ [ 16.399686216345856, 48.12436396812268 ], [ 16.399239500602505, 48.123149129728631 ], [ 16.399051384913548, 48.123183616930426 ], [ 16.39950643107699, 48.124428315514429 ], [ 16.399686216345856, 48.12436396812268 ] ] ] } },
{ "type": "Feature", "properties": { "crop": "Winter Grain" }, "geometry": { "type": "Polygon", "coordinates": [ [ [ 16.398659191468539, 48.123224942577103 ], [ 16.398891180583576, 48.123176485306601 ], [ 16.39840778958785, 48.12193955596581 ], [ 16.39799585872197, 48.120958157293153 ], [ 16.397044487513142, 48.118829980019598 ], [ 16.396939205679871, 48.119161814566162 ], [ 16.397601517695932, 48.120551407421551 ], [ 16.398659191468539, 48.123224942577103 ] ] ] } },
{ "type": "Feature", "properties": { "crop": "Winter Grain" }, "geometry": { "type": "Polygon", "coordinates": [ [ [ 16.400101076303656, 48.118436856675658 ], [ 16.401786893250573, 48.12257526603576 ], [ 16.402056715045433, 48.122519060206507 ], [ 16.401549164662242, 48.121079457850712 ], [ 16.401174683365014, 48.120119091622819 ], [ 16.399621923812788, 48.116317595280869 ], [ 16.399307805011233, 48.11636536007336 ], [ 16.399352083132158, 48.116524992434499 ], [ 16.400101076303656, 48.118436856675658 ] ] ] } },
{ "type": "Feature", "properties": { "crop": "Winter Grain" }, "geometry": { "type": "Polygon", "coordinates": [ [ [ 16.378178738058352, 48.087683019455824 ], [ 16.37970998222994, 48.088427105026938 ], [ 16.379971176828406, 48.088086878007061 ], [ 16.380049334209446, 48.087959954888049 ], [ 16.380120884271435, 48.087810365256175 ], [ 16.380175241094548, 48.087643878262433 ], [ 16.380207336999035, 48.087353915251015 ], [ 16.380141687389028, 48.086714954131871 ], [ 16.378496304860619, 48.087326676584887 ], [ 16.378182608740474, 48.087498474974666 ], [ 16.378062565435073, 48.087610938793823 ], [ 16.378178738058352, 48.087683019455824 ] ] ] } },
{ "type": "Feature", "properties": { "crop": "Winter Grain" }, "geometry": { "type": "Polygon", "coordinates": [ [ [ 16.374039786407081, 48.103973392058421 ], [ 16.37623981681412, 48.10809565768853 ], [ 16.376741776112112, 48.107934319313415 ], [ 16.374561340133766, 48.103848478924192 ], [ 16.374039786407081, 48.103973392058421 ] ] ] } },
{ "type": "Feature", "properties": { "crop": "Winter Grain" }, "geometry": { "type": "Polygon", "coordinates": [ [ [ 16.401016793889994, 48.129996458070138 ], [ 16.400108697158714, 48.12753317271779 ], [ 16.399297694832796, 48.125262580603646 ], [ 16.398949446759616, 48.125374714371624 ], [ 16.399905771434248, 48.128118759073523 ], [ 16.400730733936257, 48.130212935678522 ], [ 16.401016793889994, 48.129996458070138 ] ] ] } },
{ "type": "Feature", "properties": { "crop": "Winter Grain" }, "geometry": { "type": "Polygon", "coordinates": [ [ [ 16.390604829049664, 48.127953068879087 ], [ 16.391790554685961, 48.131692123992366 ], [ 16.39287990221203, 48.131692123992366 ], [ 16.391613955619619, 48.127745528733222 ], [ 16.390604829049664, 48.127953068879087 ] ] ] } },
{ "type": "Feature", "properties": { "crop": "Winter Grain" }, "geometry": { "type": "Polygon", "coordinates": [ [ [ 16.374089518016888, 48.112604942963799 ], [ 16.373053641112676, 48.110454156734022 ], [ 16.372688964224384, 48.110535754921216 ], [ 16.373737448724341, 48.112716662144287 ], [ 16.374089518016888, 48.112604942963799 ] ] ] } },
{ "type": "Feature", "properties": { "crop": "Winter Grain" }, "geometry": { "type": "Polygon", "coordinates": [ [ [ 16.374627531135729, 48.123069447996677 ], [ 16.372757247948698, 48.11874983064024 ], [ 16.372408085264965, 48.118817660206901 ], [ 16.374278340573028, 48.123137283858618 ], [ 16.374627531135729, 48.123069447996677 ] ] ] } },
{ "type": "Feature", "properties": { "crop": "Winter Grain" }, "geometry": { "type": "Polygon", "coordinates": [ [ [ 16.376506187910309, 48.111811266976417 ], [ 16.376973281391884, 48.111657946057385 ], [ 16.375448529426137, 48.10849848022076 ], [ 16.375329444798069, 48.108537188840273 ], [ 16.375209400593405, 48.108539209616886 ], [ 16.374965871377924, 48.108614382148062 ], [ 16.376506187910309, 48.111811266976417 ] ] ] } },
{ "type": "Feature", "properties": { "crop": "Winter Grain" }, "geometry": { "type": "Polygon", "coordinates": [ [ [ 16.37164158499121, 48.114341807228691 ], [ 16.370676807588666, 48.11259811171351 ], [ 16.369970567287908, 48.112109334678109 ], [ 16.369838526127126, 48.11203949782464 ], [ 16.369764479547143, 48.112024508824042 ], [ 16.369565560302419, 48.112034015557413 ], [ 16.370977111904267, 48.114602101605769 ], [ 16.37164158499121, 48.114341807228691 ] ] ] } },
{ "type": "Feature", "properties": { "crop": "Winter Grain" }, "geometry": { "type": "Polygon", "coordinates": [ [ [ 16.401179817534349, 48.131692123992366 ], [ 16.401701878661981, 48.131692123992366 ], [ 16.40143100633594, 48.130976255050207 ], [ 16.401034841484773, 48.130033405817073 ], [ 16.400652745627781, 48.130338615035093 ], [ 16.401179817534349, 48.131692123992366 ] ] ] } },
{ "type": "Feature", "properties": { "crop": "Winter Grain" }, "geometry": { "type": "Polygon", "coordinates": [ [ [ 16.404738272153566, 48.122011302979281 ], [ 16.404880870455884, 48.121941601923432 ], [ 16.404949421278843, 48.121887183946455 ], [ 16.404829547945326, 48.121485016120637 ], [ 16.403783642701001, 48.118547431918493 ], [ 16.403433816317602, 48.117748570440199 ], [ 16.402640432609928, 48.115853049578618 ], [ 16.4018896605794, 48.115963917101169 ], [ 16.402434102951531, 48.117284929455991 ], [ 16.402875958758557, 48.118410543411926 ], [ 16.403713764478709, 48.12076790841229 ], [ 16.404207958130826, 48.122094113452647 ], [ 16.404738272153566, 48.122011302979281 ] ] ] } },
{ "type": "Feature", "properties": { "crop": "Winter Grain" }, "geometry": { "type": "Polygon", "coordinates": [ [ [ 16.388627227064944, 48.12874574931692 ], [ 16.38965863975902, 48.131692123992366 ], [ 16.389886275136174, 48.131692123992366 ], [ 16.388849200430286, 48.128663123204603 ], [ 16.388627227064944, 48.12874574931692 ] ] ] } },
{ "type": "Feature", "properties": { "crop": "Winter Grain" }, "geometry": { "type": "Polygon", "coordinates": [ [ [ 16.387923871789326, 48.087737225192818 ], [ 16.386889944615291, 48.091880140156384 ], [ 16.388065919706492, 48.092444227319284 ], [ 16.389123147415376, 48.088198044104502 ], [ 16.387923871789326, 48.087737225192818 ] ] ] } },
{ "type": "Feature", "properties": { "crop": "Winter Grain" }, "geometry": { "type": "Polygon", "coordinates": [ [ [ 16.388287328297622, 48.08783698698744 ], [ 16.389040927796657, 48.088127573228967 ], [ 16.391108476375109, 48.084848594686946 ], [ 16.390753530151358, 48.083927823810093 ], [ 16.388287328297622, 48.08783698698744 ] ] ] } },
{ "type": "Feature", "properties": { "crop": "Winter Grain" }, "geometry": { "type": "Polygon", "coordinates": [ [ [ 16.382241529722876, 48.131337940793387 ], [ 16.381791424434766, 48.130013103621877 ], [ 16.381601203432869, 48.129982617503856 ], [ 16.382203165688381, 48.131692123992366 ], [ 16.382377101094285, 48.131692123992366 ], [ 16.382241529722876, 48.131337940793387 ] ] ] } },
{ "type": "Feature", "properties": { "crop": "Winter Grain" }, "geometry": { "type": "Polygon", "coordinates": [ [ [ 16.369646229489945, 48.103974485634062 ], [ 16.37014058502001, 48.104878984177851 ], [ 16.370846886474681, 48.104701601897489 ], [ 16.368522942979492, 48.10055066947784 ], [ 16.367859974458327, 48.100805185710776 ], [ 16.369646229489945, 48.103974485634062 ] ] ] } },
{ "type": "Feature", "properties": { "crop": "Winter Grain" }, "geometry": { "type": "Polygon", "coordinates": [ [ [ 16.391062178376899, 48.112206183568553 ], [ 16.393722953951226, 48.111448663924762 ], [ 16.394434090161155, 48.111238456389692 ], [ 16.394442340541616, 48.111224437757642 ], [ 16.394341534634179, 48.111086676908656 ], [ 16.393622473598327, 48.11129697617455 ], [ 16.392623594803126, 48.109809863534451 ], [ 16.391351654855043, 48.11013770329243 ], [ 16.391120339332247, 48.109814749551099 ], [ 16.389768832765469, 48.110167967277903 ], [ 16.390165925716929, 48.110837616862561 ], [ 16.391062178376899, 48.112206183568553 ] ] ] } },
{ "type": "Feature", "properties": { "crop": "Winter Grain" }, "geometry": { "type": "Polygon", "coordinates": [ [ [ 16.369057317441275, 48.119467900623178 ], [ 16.368541215404832, 48.119568136360442 ], [ 16.370411164044015, 48.123887821166079 ], [ 16.370927176148314, 48.123787661871177 ], [ 16.369057317441275, 48.119467900623178 ] ] ] } },
{ "type": "Feature", "properties": { "crop": "Winter Grain" }, "geometry": { "type": "Polygon", "coordinates": [ [ [ 16.373298620035314, 48.099340782750971 ], [ 16.373713271350425, 48.0984814175834 ], [ 16.372424715528268, 48.096093319151393 ], [ 16.371652609780142, 48.096280279211548 ], [ 16.373298620035314, 48.099340782750971 ] ] ] } },
{ "type": "Feature", "properties": { "crop": "Winter Grain" }, "geometry": { "type": "Polygon", "coordinates": [ [ [ 16.3710827966338, 48.093606203563525 ], [ 16.370216658671893, 48.093610058957104 ], [ 16.371634430884342, 48.096246489883633 ], [ 16.372406481773737, 48.096059531622132 ], [ 16.3710827966338, 48.093606203563525 ] ] ] } },
{ "type": "Feature", "properties": { "crop": "Winter Grain" }, "geometry": { "type": "Polygon", "coordinates": [ [ [ 16.358499680415946, 48.103030913346004 ], [ 16.357982730318781, 48.103172126692357 ], [ 16.357890891551452, 48.103485953214204 ], [ 16.360421117940291, 48.107995048732562 ], [ 16.36116636903273, 48.107794375809874 ], [ 16.358499680415946, 48.103030913346004 ] ] ] } },
{ "type": "Feature", "properties": { "crop": "Winter Grain" }, "geometry": { "type": "Polygon", "coordinates": [ [ [ 16.377232358086928, 48.113049131612165 ], [ 16.379400606452862, 48.117422613862566 ], [ 16.380096098056526, 48.117287595945868 ], [ 16.377921177620294, 48.112897032871849 ], [ 16.377232358086928, 48.113049131612165 ] ] ] } },
{ "type": "Feature", "properties": { "crop": "Winter Grain" }, "geometry": { "type": "Polygon", "coordinates": [ [ [ 16.381299938641291, 48.121811454734868 ], [ 16.383250327140956, 48.126314089523639 ], [ 16.38397002040017, 48.126231262862525 ], [ 16.381998172277861, 48.121675950284946 ], [ 16.381299938641291, 48.121811454734868 ] ] ] } },
{ "type": "Feature", "properties": { "crop": "Winter Grain" }, "geometry": { "type": "Polygon", "coordinates": [ [ [ 16.372763803107091, 48.101336310022752 ], [ 16.372524440450604, 48.101942185983134 ], [ 16.372382541820912, 48.10224909941644 ], [ 16.372753834122193, 48.102989394345116 ], [ 16.373343413467808, 48.104101325116126 ], [ 16.3740188196129, 48.103939127888509 ], [ 16.372763803107091, 48.101336310022752 ] ] ] } },
{ "type": "Feature", "properties": { "crop": "Winter Grain" }, "geometry": { "type": "Polygon", "coordinates": [ [ [ 16.361386655269996, 48.11604766646667 ], [ 16.36204577739079, 48.11596558894081 ], [ 16.360407411372989, 48.113403294526442 ], [ 16.359882994204895, 48.11362240175248 ], [ 16.35988675067307, 48.113701816385799 ], [ 16.361386655269996, 48.11604766646667 ] ] ] } },
{ "type": "Feature", "properties": { "crop": "Winter Grain" }, "geometry": { "type": "Polygon", "coordinates": [ [ [ 16.37589362099385, 48.122861082273161 ], [ 16.375341505606059, 48.122968295850228 ], [ 16.377031576346212, 48.126870656555582 ], [ 16.377635023237758, 48.126881916966973 ], [ 16.37589362099385, 48.122861082273161 ] ] ] } },
{ "type": "Feature", "properties": { "crop": "Winter Grain" }, "geometry": { "type": "Polygon", "coordinates": [ [ [ 16.405874846247219, 48.124357231357415 ], [ 16.405139597314587, 48.12440777050228 ], [ 16.405428470347658, 48.125830106774046 ], [ 16.405571228729286, 48.126611942287347 ], [ 16.405874846247219, 48.126592341753799 ], [ 16.405874846247219, 48.126001337261179 ], [ 16.405860428216215, 48.125944105735933 ], [ 16.405874846247219, 48.125943004779877 ], [ 16.405874846247219, 48.124357231357415 ] ] ] } },
{ "type": "Feature", "properties": { "crop": "Winter Grain" }, "geometry": { "type": "Polygon", "coordinates": [ [ [ 16.39394090644771, 48.126938635409772 ], [ 16.395094164664044, 48.130123514288812 ], [ 16.395626586997974, 48.131692123992366 ], [ 16.396096371862864, 48.131692123992366 ], [ 16.394363256858867, 48.126836788986679 ], [ 16.394182207143217, 48.126863186786686 ], [ 16.39394090644771, 48.126938635409772 ] ] ] } },
{ "type": "Feature", "properties": { "crop": "Winter Grain" }, "geometry": { "type": "Polygon", "coordinates": [ [ [ 16.358559852255439, 48.100012808344509 ], [ 16.358978446198364, 48.099345691250683 ], [ 16.359508971561866, 48.098600660492146 ], [ 16.360351517608478, 48.097604196376601 ], [ 16.358699855114253, 48.093493201050421 ], [ 16.356114970629449, 48.093160760360831 ], [ 16.35602817975672, 48.093193305926363 ], [ 16.355874846247218, 48.093329677322799 ], [ 16.358559852255439, 48.100012808344509 ] ] ] } },
{ "type": "Feature", "properties": { "crop": "Winter Grain" }, "geometry": { "type": "Polygon", "coordinates": [ [ [ 16.371234512262959, 48.10407428520017 ], [ 16.371693987587491, 48.103292443391574 ], [ 16.369897090878112, 48.100082793586118 ], [ 16.369130335196871, 48.100317472573344 ], [ 16.371234512262959, 48.10407428520017 ] ] ] } },
{ "type": "Feature", "properties": { "crop": "Winter Grain" }, "geometry": { "type": "Polygon", "coordinates": [ [ [ 16.365487322781746, 48.094327616326495 ], [ 16.365356795179991, 48.094461099999812 ], [ 16.366933116969847, 48.097384771689924 ], [ 16.368317245544517, 48.097049677100983 ], [ 16.366595832531686, 48.093896804194223 ], [ 16.366249046756138, 48.094245239326376 ], [ 16.36572096125343, 48.094260085334717 ], [ 16.365572200796464, 48.094289981497511 ], [ 16.365487322781746, 48.094327616326495 ] ] ] } },
{ "type": "Feature", "properties": { "crop": "Winter Grain" }, "geometry": { "type": "Polygon", "coordinates": [ [ [ 16.369235290576228, 48.096865575086262 ], [ 16.366951318348697, 48.097418534038184 ], [ 16.368602251492746, 48.100477977276903 ], [ 16.369239832152573, 48.100227550261316 ], [ 16.369164899740383, 48.100115697081833 ], [ 16.369671034590624, 48.099963559670577 ], [ 16.369731439354496, 48.100078188157902 ], [ 16.37025869568231, 48.099935192355304 ], [ 16.370827474608291, 48.099830341297263 ], [ 16.369235290576228, 48.096865575086262 ] ] ] } },
{ "type": "Feature", "properties": { "crop": "Winter Grain" }, "geometry": { "type": "Polygon", "coordinates": [ [ [ 16.361477594715268, 48.096161313294026 ], [ 16.36168060137868, 48.096350476693203 ], [ 16.362415602897784, 48.095703436964065 ], [ 16.364096870174478, 48.094432083373974 ], [ 16.364028073836607, 48.094290014772412 ], [ 16.363947473896872, 48.094206755537414 ], [ 16.363828641078953, 48.094160199433709 ], [ 16.360617133274104, 48.093744063337908 ], [ 16.360710526969285, 48.094021848629431 ], [ 16.360149860827448, 48.094046972090155 ], [ 16.361067765564997, 48.096315736781882 ], [ 16.361477594715268, 48.096161313294026 ] ] ] } },
{ "type": "Feature", "properties": { "crop": "Winter Grain" }, "geometry": { "type": "Polygon", "coordinates": [ [ [ 16.388282996263342, 48.125363662602965 ], [ 16.386319679109931, 48.120837096854586 ], [ 16.385766408992652, 48.120943644034007 ], [ 16.387730344879571, 48.125475333220102 ], [ 16.388282996263342, 48.125363662602965 ] ] ] } },
{ "type": "Feature", "properties": { "crop": "Winter Grain" }, "geometry": { "type": "Polygon", "coordinates": [ [ [ 16.382074802610077, 48.131428276793592 ], [ 16.381603003875568, 48.129988106965634 ], [ 16.381073409310432, 48.129903697497696 ], [ 16.381549902506041, 48.131418316801948 ], [ 16.381665916590489, 48.131692123992366 ], [ 16.382177450000565, 48.131692123992366 ], [ 16.382074802610077, 48.131428276793592 ] ] ] } },
{ "type": "Feature", "properties": { "crop": "Winter Grain" }, "geometry": { "type": "Polygon", "coordinates": [ [ [ 16.381569541900888, 48.129945114875227 ], [ 16.380878681805768, 48.127686737353095 ], [ 16.380685960688599, 48.127662320759555 ], [ 16.380418464540583, 48.127694502998956 ], [ 16.380490964286651, 48.127940546718882 ], [ 16.380509719647875, 48.127940018816844 ], [ 16.380523526039951, 48.127975550131559 ], [ 16.380501786728136, 48.127977246252961 ], [ 16.381057083017996, 48.129861434757466 ], [ 16.381569541900888, 48.129945114875227 ] ] ] } },
{ "type": "Feature", "properties": { "crop": "Winter Grain" }, "geometry": { "type": "Polygon", "coordinates": [ [ [ 16.38755270809105, 48.129936651355429 ], [ 16.388181805678901, 48.131692123992366 ], [ 16.38830433414574, 48.131692123992366 ], [ 16.387648879792039, 48.129790085244281 ], [ 16.38755270809105, 48.129936651355429 ] ] ] } },
{ "type": "Feature", "properties": { "crop": "Winter Grain" }, "geometry": { "type": "Polygon", "coordinates": [ [ [ 16.390064118864018, 48.128066039016502 ], [ 16.389791413842715, 48.12814389872198 ], [ 16.390611813184705, 48.130670545809096 ], [ 16.390958120371398, 48.131692123992366 ], [ 16.39127556172496, 48.131692123992366 ], [ 16.390064118864018, 48.128066039016502 ] ] ] } },
{ "type": "Feature", "properties": { "crop": "Winter Grain" }, "geometry": { "type": "Polygon", "coordinates": [ [ [ 16.396002440360405, 48.13142613280985 ], [ 16.396096865473748, 48.131692123992366 ], [ 16.396477257585257, 48.131692123992366 ], [ 16.396360804007941, 48.131368767754516 ], [ 16.396002440360405, 48.13142613280985 ] ] ] } },
{ "type": "Feature", "properties": { "crop": "Winter Grain" }, "geometry": { "type": "Polygon", "coordinates": [ [ [ 16.380628463432913, 48.112299165374225 ], [ 16.382838130075697, 48.116755131644076 ], [ 16.383354444352165, 48.11665482575966 ], [ 16.381138680305924, 48.112186550469005 ], [ 16.380628463432913, 48.112299165374225 ] ] ] } },
{ "type": "Feature", "properties": { "crop": "Winter Grain" }, "geometry": { "type": "Polygon", "coordinates": [ [ [ 16.383871693923595, 48.116553979382665 ], [ 16.384644883354724, 48.116402379766051 ], [ 16.38241165717227, 48.111905090547552 ], [ 16.381648755086019, 48.112073836638338 ], [ 16.383871693923595, 48.116553979382665 ] ] ] } },
{ "type": "Feature", "properties": { "crop": "Winter Grain" }, "geometry": { "type": "Polygon", "coordinates": [ [ [ 16.379725682594199, 48.122079796245664 ], [ 16.380534013034321, 48.121922821381141 ], [ 16.378663281085608, 48.117603297554176 ], [ 16.377855011799397, 48.117760259828167 ], [ 16.379725682594199, 48.122079796245664 ] ] ] } },
{ "type": "Feature", "properties": { "crop": "Winter Grain" }, "geometry": { "type": "Polygon", "coordinates": [ [ [ 16.387941027256659, 48.096392622521591 ], [ 16.38691777233737, 48.09662525195386 ], [ 16.38758299186162, 48.097830352488813 ], [ 16.389598178313349, 48.101573203140845 ], [ 16.390173638302826, 48.102699005954427 ], [ 16.390692081274608, 48.103614037358007 ], [ 16.391205693088295, 48.10357655901106 ], [ 16.39115307555403, 48.103463355949138 ], [ 16.391613981699948, 48.103398192872362 ], [ 16.391715285831822, 48.103555352097892 ], [ 16.391784050693445, 48.103542971131269 ], [ 16.387941027256659, 48.096392622521591 ] ] ] } },
{ "type": "Feature", "properties": { "crop": "Winter Grain" }, "geometry": { "type": "Polygon", "coordinates": [ [ [ 16.376887889864292, 48.128890434046362 ], [ 16.377832048613673, 48.131692123992366 ], [ 16.379580052535662, 48.131692123992366 ], [ 16.379381085768557, 48.131165918472384 ], [ 16.3787366315903, 48.129300717354283 ], [ 16.378414056463612, 48.129201431301048 ], [ 16.37709061414057, 48.12886971636437 ], [ 16.377076199806822, 48.128927460034333 ], [ 16.376887889864292, 48.128890434046362 ] ] ] } },
{ "type": "Feature", "properties": { "crop": "Winter Grain" }, "geometry": { "type": "Polygon", "coordinates": [ [ [ 16.379346772135875, 48.127663833419206 ], [ 16.377622053215248, 48.127570781466432 ], [ 16.376457724344561, 48.127549490916351 ], [ 16.376649154934626, 48.128173480122086 ], [ 16.376675901671547, 48.128170942235272 ], [ 16.376686795159515, 48.128204525618401 ], [ 16.376660419842551, 48.128210194944586 ], [ 16.376766788956218, 48.128556949243894 ], [ 16.376898884975617, 48.128548652997999 ], [ 16.376909022133702, 48.128620121221665 ], [ 16.376788635287312, 48.128628128785174 ], [ 16.376818428927379, 48.128725280747176 ], [ 16.378478373278369, 48.129139993216143 ], [ 16.37999980674573, 48.129615377547687 ], [ 16.379346772135875, 48.127663833419206 ] ] ] } },
{ "type": "Feature", "properties": { "crop": "Winter Grain" }, "geometry": { "type": "Polygon", "coordinates": [ [ [ 16.382538031704826, 48.127819738090459 ], [ 16.382099326222999, 48.127927073975336 ], [ 16.38198725540758, 48.127936741687336 ], [ 16.382395087163616, 48.129291299653808 ], [ 16.382676760224342, 48.130135757659161 ], [ 16.383270806502594, 48.130243845377215 ], [ 16.383598989801612, 48.130322661061996 ], [ 16.384533978960008, 48.130591957652754 ], [ 16.383678398139637, 48.127795178504762 ], [ 16.383212288516347, 48.12777790162891 ], [ 16.382538031704826, 48.127819738090459 ] ] ] } },
{ "type": "Feature", "properties": { "crop": "Winter Grain" }, "geometry": { "type": "Polygon", "coordinates": [ [ [ 16.390076527709653, 48.088527026900806 ], [ 16.392342931681014, 48.089415389808437 ], [ 16.392415868497608, 48.089440511470457 ], [ 16.392495698617665, 48.089450065867872 ], [ 16.392514100545331, 48.089436895296551 ], [ 16.391552181188274, 48.086189931720021 ], [ 16.390076527709653, 48.088527026900806 ] ] ] } },
{ "type": "Feature", "properties": { "crop": "Winter Grain" }, "geometry": { "type": "Polygon", "coordinates": [ [ [ 16.37999980674573, 48.129615377547687 ], [ 16.38035695630856, 48.129714103323238 ], [ 16.379699604053542, 48.127682143616077 ], [ 16.379347228991492, 48.127665207583334 ], [ 16.37999980674573, 48.129615377547687 ] ] ] } },
{ "type": "Feature", "properties": { "crop": "Winter Grain" }, "geometry": { "type": "Polygon", "coordinates": [ [ [ 16.381020438342603, 48.129855491138073 ], [ 16.380493025532758, 48.127962432620222 ], [ 16.380478395361706, 48.127964967809078 ], [ 16.380472965255194, 48.127948022783066 ], [ 16.380487014464222, 48.127940847991795 ], [ 16.380417006739492, 48.127689581009406 ], [ 16.380078227628132, 48.127698614699341 ], [ 16.380704827565808, 48.129797423712198 ], [ 16.381020438342603, 48.129855491138073 ] ] ] } },
{ "type": "Feature", "properties": { "crop": "Winter Grain" }, "geometry": { "type": "Polygon", "coordinates": [ [ [ 16.381634291957592, 48.131692123992366 ], [ 16.381034238439383, 48.129896857254209 ], [ 16.38071896400902, 48.129841788168051 ], [ 16.381336069681272, 48.131692123992366 ], [ 16.381634291957592, 48.131692123992366 ] ] ] } },
{ "type": "Feature", "properties": { "crop": "Winter Grain" }, "geometry": { "type": "Polygon", "coordinates": [ [ [ 16.396917281370367, 48.131692123992366 ], [ 16.397111751220475, 48.131692123992366 ], [ 16.395989878630019, 48.128724696187817 ], [ 16.395421058335216, 48.127007330124229 ], [ 16.395222604039986, 48.126788194119904 ], [ 16.395141838625023, 48.126726700277061 ], [ 16.39581236954524, 48.128751479797003 ], [ 16.39642811286717, 48.130311145243169 ], [ 16.396917281370367, 48.131692123992366 ] ] ] } },
{ "type": "Feature", "properties": { "crop": "Winter Grain" }, "geometry": { "type": "Polygon", "coordinates": [ [ [ 16.382466308973051, 48.126384196173767 ], [ 16.383250327140956, 48.126314089523639 ], [ 16.381299938641291, 48.121811454734868 ], [ 16.380548956169434, 48.121957351750439 ], [ 16.382466308973051, 48.126384196173767 ] ] ] } },
{ "type": "Feature", "properties": { "crop": "Winter Grain" }, "geometry": { "type": "Polygon", "coordinates": [ [ [ 16.378649149138994, 48.117568583723205 ], [ 16.379400606452862, 48.117422613862566 ], [ 16.377232358086928, 48.113049131612165 ], [ 16.376489828342926, 48.11321297819643 ], [ 16.378649149138994, 48.117568583723205 ] ] ] } },
{ "type": "Feature", "properties": { "crop": "Winter Grain" }, "geometry": { "type": "Polygon", "coordinates": [ [ [ 16.359776694339018, 48.093635346094402 ], [ 16.359252698053638, 48.093566203517518 ], [ 16.360721705542346, 48.097222417980269 ], [ 16.361080419026166, 48.096869448466343 ], [ 16.359776694339018, 48.093635346094402 ] ] ] } },
{ "type": "Feature", "properties": { "crop": "Winter Grain" }, "geometry": { "type": "Polygon", "coordinates": [ [ [ 16.356922196702044, 48.118855952440306 ], [ 16.357804133953664, 48.120253718334482 ], [ 16.358383738019143, 48.121257978672816 ], [ 16.359165997113109, 48.122749826243528 ], [ 16.359768562669103, 48.123943843533596 ], [ 16.362599643758585, 48.1235345638691 ], [ 16.361919127665658, 48.121849549117428 ], [ 16.360860811777115, 48.119889688958047 ], [ 16.360246120661998, 48.118838208816335 ], [ 16.359973892281346, 48.118874420917848 ], [ 16.356922196702044, 48.118855952440306 ] ] ] } },
{ "type": "Feature", "properties": { "crop": "Winter Grain" }, "geometry": { "type": "Polygon", "coordinates": [ [ [ 16.371044027759755, 48.112539752907303 ], [ 16.371457546828367, 48.112846522449104 ], [ 16.371861649095877, 48.112794244858542 ], [ 16.370959844920947, 48.11092309742304 ], [ 16.370342207626834, 48.111061237785982 ], [ 16.371044027759755, 48.112539752907303 ] ] ] } },
{ "type": "Feature", "properties": { "crop": "Winter Grain" }, "geometry": { "type": "Polygon", "coordinates": [ [ [ 16.368508903663042, 48.086952016322535 ], [ 16.369106429418252, 48.089172769807533 ], [ 16.369396866372313, 48.089104968119848 ], [ 16.369584110618234, 48.089092416282035 ], [ 16.369915943366152, 48.08913426533411 ], [ 16.371494794049571, 48.087518086490533 ], [ 16.371502151403206, 48.08747950557477 ], [ 16.371463457172865, 48.087429598597168 ], [ 16.368508903663042, 48.086952016322535 ] ] ] } },
{ "type": "Feature", "properties": { "crop": "Winter Grain" }, "geometry": { "type": "Polygon", "coordinates": [ [ [ 16.388729046508331, 48.096181590308213 ], [ 16.387133936981684, 48.092984411401517 ], [ 16.386474874216105, 48.09283919787071 ], [ 16.388186749019329, 48.096303867529521 ], [ 16.388729046508331, 48.096181590308213 ] ] ] } },
{ "type": "Feature", "properties": { "crop": "Winter Grain" }, "geometry": { "type": "Polygon", "coordinates": [ [ [ 16.381138680305924, 48.112186550469005 ], [ 16.383354444352165, 48.11665482575966 ], [ 16.383871693923595, 48.116553979382665 ], [ 16.381648755086019, 48.112073836638338 ], [ 16.381138680305924, 48.112186550469005 ] ] ] } },
{ "type": "Feature", "properties": { "crop": "Winter Grain" }, "geometry": { "type": "Polygon", "coordinates": [ [ [ 16.367259382914256, 48.105640997733929 ], [ 16.366645693643875, 48.105795221572301 ], [ 16.368295240932696, 48.108741096624392 ], [ 16.368686467606437, 48.10818951003791 ], [ 16.367259382914256, 48.105640997733929 ] ] ] } },
{ "type": "Feature", "properties": { "crop": "Winter Grain" }, "geometry": { "type": "Polygon", "coordinates": [ [ [ 16.396709240039456, 48.120050139702244 ], [ 16.397560033768571, 48.122018993981449 ], [ 16.398072119432815, 48.12334165119632 ], [ 16.398260553481805, 48.123301134040162 ], [ 16.397930539163099, 48.12244231655972 ], [ 16.397381782743139, 48.121139938157675 ], [ 16.396756789893971, 48.119832752879304 ], [ 16.396709240039456, 48.120050139702244 ] ] ] } },
{ "type": "Feature", "properties": { "crop": "Winter Grain" }, "geometry": { "type": "Polygon", "coordinates": [ [ [ 16.397132110258724, 48.11902412926019 ], [ 16.39799585872197, 48.120958157293153 ], [ 16.39840778958785, 48.12193955596581 ], [ 16.398891180583576, 48.123176485306601 ], [ 16.399080347580025, 48.123136793728115 ], [ 16.39836893168092, 48.121260529150149 ], [ 16.397389432376428, 48.119033804166804 ], [ 16.397142195256151, 48.11855564902401 ], [ 16.397055878326171, 48.118820433716117 ], [ 16.397132110258724, 48.11902412926019 ] ] ] } },
{ "type": "Feature", "properties": { "crop": "Winter Grain" }, "geometry": { "type": "Polygon", "coordinates": [ [ [ 16.393957406309312, 48.124592575786771 ], [ 16.393630815709628, 48.124760750808043 ], [ 16.39399761319936, 48.125814996365015 ], [ 16.394352676335018, 48.12574351734952 ], [ 16.393957406309312, 48.124592575786771 ] ] ] } },
{ "type": "Feature", "properties": { "crop": "Winter Grain" }, "geometry": { "type": "Polygon", "coordinates": [ [ [ 16.365900554067366, 48.097672805655506 ], [ 16.365883053260347, 48.097720770996837 ], [ 16.366339559023459, 48.098714816835347 ], [ 16.367036283597656, 48.100148087064611 ], [ 16.367440233879734, 48.100861092965154 ], [ 16.367547159673734, 48.100880354644687 ], [ 16.368355539576555, 48.100572062550725 ], [ 16.368423102943893, 48.100530530059984 ], [ 16.36853903544818, 48.100486652137363 ], [ 16.368603071674443, 48.100479134704358 ], [ 16.366951318348697, 48.097418534038184 ], [ 16.365900554067366, 48.097672805655506 ] ] ] } },
{ "type": "Feature", "properties": { "crop": "Winter Grain" }, "geometry": { "type": "Polygon", "coordinates": [ [ [ 16.38584152936312, 48.131128668553288 ], [ 16.385108989288483, 48.130850892254955 ], [ 16.385443138782474, 48.131692123992366 ], [ 16.38607920463761, 48.131692123992366 ], [ 16.38584152936312, 48.131128668553288 ] ] ] } },
{ "type": "Feature", "properties": { "crop": "Winter Grain" }, "geometry": { "type": "Polygon", "coordinates": [ [ [ 16.370640358965431, 48.096487195227937 ], [ 16.369089815342761, 48.093625500316655 ], [ 16.368342868128934, 48.093629400676377 ], [ 16.369963141585743, 48.096651169515887 ], [ 16.370640358965431, 48.096487195227937 ] ] ] } },
{ "type": "Feature", "properties": { "crop": "Winter Grain" }, "geometry": { "type": "Polygon", "coordinates": [ [ [ 16.388313628970877, 48.125339835964716 ], [ 16.388194146842466, 48.125041465191543 ], [ 16.387338314211888, 48.121973186113664 ], [ 16.387233717662014, 48.121635395357266 ], [ 16.386909261153505, 48.120722226449637 ], [ 16.386319679109931, 48.120837096854586 ], [ 16.388282996263342, 48.125363662602965 ], [ 16.388313628970877, 48.125339835964716 ] ] ] } },
{ "type": "Feature", "properties": { "crop": "Winter Grain" }, "geometry": { "type": "Polygon", "coordinates": [ [ [ 16.386113105735319, 48.120839980980406 ], [ 16.386525515939866, 48.120759309994234 ], [ 16.384655936022682, 48.116440243022858 ], [ 16.384241809012337, 48.116519738595102 ], [ 16.386113105735319, 48.120839980980406 ] ] ] } },
{ "type": "Feature", "properties": { "crop": "Winter Grain" }, "geometry": { "type": "Polygon", "coordinates": [ [ [ 16.385236451101377, 48.121009612903372 ], [ 16.383365362121822, 48.116690162820817 ], [ 16.382849315843316, 48.116790471403192 ], [ 16.384720374245944, 48.121109839647431 ], [ 16.385236451101377, 48.121009612903372 ] ] ] } },
{ "type": "Feature", "properties": { "crop": "Winter Grain" }, "geometry": { "type": "Polygon", "coordinates": [ [ [ 16.365566078211998, 48.113042005384266 ], [ 16.36686343749767, 48.115387499333686 ], [ 16.367184934337274, 48.115347210605371 ], [ 16.365864276315335, 48.112959465606878 ], [ 16.365566078211998, 48.113042005384266 ] ] ] } },
{ "type": "Feature", "properties": { "crop": "Winter Grain" }, "geometry": { "type": "Polygon", "coordinates": [ [ [ 16.381253831299318, 48.106187277420986 ], [ 16.382572799495165, 48.105646581624505 ], [ 16.380943513932095, 48.102567311032644 ], [ 16.378902158108133, 48.098517187218469 ], [ 16.377455001447231, 48.098879359494909 ], [ 16.381253831299318, 48.106187277420986 ] ], [ [ 16.378008702339798, 48.099031945667832 ], [ 16.377749097742708, 48.099091323405894 ], [ 16.37770550220722, 48.099009794466497 ], [ 16.377984082499438, 48.098948774566338 ], [ 16.378008702339798, 48.099031945667832 ] ] ] } },
{ "type": "Feature", "properties": { "crop": "Winter Grain" }, "geometry": { "type": "Polygon", "coordinates": [ [ [ 16.382493317412695, 48.097601333834511 ], [ 16.383090514016033, 48.097466649566293 ], [ 16.381392918648316, 48.094037065158489 ], [ 16.380795782299572, 48.094169426477883 ], [ 16.382493317412695, 48.097601333834511 ] ] ] } },
{ "type": "Feature", "properties": { "crop": "Winter Grain" }, "geometry": { "type": "Polygon", "coordinates": [ [ [ 16.361277527935613, 48.08917655055739 ], [ 16.360692777050076, 48.085721943413041 ], [ 16.359651898116681, 48.085797713993379 ], [ 16.359366940731775, 48.086101474403556 ], [ 16.359617919931111, 48.088107584897166 ], [ 16.359868446771429, 48.089120728738685 ], [ 16.360559252007931, 48.089201432999793 ], [ 16.360928259131924, 48.089202166846576 ], [ 16.361277527935613, 48.08917655055739 ] ] ] } },
{ "type": "Feature", "properties": { "crop": "Winter Grain" }, "geometry": { "type": "Polygon", "coordinates": [ [ [ 16.394731837704171, 48.12681303609282 ], [ 16.396477430989936, 48.131692123992366 ], [ 16.396917281370367, 48.131692123992366 ], [ 16.39642811286717, 48.130311145243169 ], [ 16.39581236954524, 48.128751479797003 ], [ 16.39514369212776, 48.126732143873362 ], [ 16.394731837704171, 48.12681303609282 ] ] ] } },
{ "type": "Feature", "properties": { "crop": "Winter Grain" }, "geometry": { "type": "Polygon", "coordinates": [ [ [ 16.384830393707773, 48.127942580086028 ], [ 16.384570687487269, 48.127873898861417 ], [ 16.38415264392944, 48.127829885141118 ], [ 16.385071002824589, 48.130790905675838 ], [ 16.385822551869296, 48.131073160597971 ], [ 16.384830393707773, 48.127942580086028 ] ] ] } },
{ "type": "Feature", "properties": { "crop": "Winter Grain" }, "geometry": { "type": "Polygon", "coordinates": [ [ [ 16.365262952723128, 48.106104054158834 ], [ 16.365568798661172, 48.10602726554594 ], [ 16.363439144700806, 48.102222778958144 ], [ 16.363128088090832, 48.102290300956668 ], [ 16.365262952723128, 48.106104054158834 ] ] ] } },
{ "type": "Feature", "properties": { "crop": "Winter Grain" }, "geometry": { "type": "Polygon", "coordinates": [ [ [ 16.374353715451662, 48.097445881522269 ], [ 16.375302232212277, 48.099396144116831 ], [ 16.375700416940731, 48.09936128999157 ], [ 16.37707372487256, 48.098968873514757 ], [ 16.375607361390678, 48.096015154575753 ], [ 16.37506723666371, 48.096675270447413 ], [ 16.374908276096107, 48.096851778586768 ], [ 16.374593145557299, 48.097154144148476 ], [ 16.374353715451662, 48.097445881522269 ] ] ] } },
{ "type": "Feature", "properties": { "crop": "Winter Grain" }, "geometry": { "type": "Polygon", "coordinates": [ [ [ 16.376020242839957, 48.099274858847707 ], [ 16.375700416940731, 48.09936128999157 ], [ 16.37542788908587, 48.099384945758686 ], [ 16.375633891391033, 48.099839132170239 ], [ 16.377081472531984, 48.102801939657859 ], [ 16.377945204807418, 48.104433219017885 ], [ 16.37833108231365, 48.105120196739733 ], [ 16.37906769451854, 48.106528660069678 ], [ 16.379353564715302, 48.107052723804202 ], [ 16.3799657808961, 48.106760852431428 ], [ 16.376020242839957, 48.099274858847707 ] ] ] } },
{ "type": "Feature", "properties": { "crop": "Winter Grain" }, "geometry": { "type": "Polygon", "coordinates": [ [ [ 16.385071002824589, 48.130790905675838 ], [ 16.384150950506012, 48.127824392981381 ], [ 16.383920976771719, 48.127807540585586 ], [ 16.384799859026316, 48.130693229409069 ], [ 16.385071002824589, 48.130790905675838 ] ] ] } },
{ "type": "Feature", "properties": { "crop": "Winter Grain" }, "geometry": { "type": "Polygon", "coordinates": [ [ [ 16.373298620035314, 48.099340782750971 ], [ 16.371652609780142, 48.096280279211548 ], [ 16.370661969674188, 48.096520147287023 ], [ 16.372278236651368, 48.099551822158901 ], [ 16.373298620035314, 48.099340782750971 ] ] ] } },
{ "type": "Feature", "properties": { "crop": "Winter Grain" }, "geometry": { "type": "Polygon", "coordinates": [ [ [ 16.399083339624497, 48.123144673587888 ], [ 16.399458389293272, 48.123066167269897 ], [ 16.399065284835103, 48.122011333556259 ], [ 16.397847583898908, 48.119077862853146 ], [ 16.39733422569401, 48.117749915825989 ], [ 16.397142181766299, 48.118555649024017 ], [ 16.397389432376428, 48.119033804166804 ], [ 16.398382321686825, 48.121295881499805 ], [ 16.399083339624497, 48.123144673587888 ] ] ] } },
{ "type": "Feature", "properties": { "crop": "Winter Grain" }, "geometry": { "type": "Polygon", "coordinates": [ [ [ 16.373411723272454, 48.112820010435193 ], [ 16.372352226574037, 48.110611228725304 ], [ 16.372019907292952, 48.11068642373953 ], [ 16.373094800384763, 48.112920570827718 ], [ 16.373411723272454, 48.112820010435193 ] ] ] } },
{ "type": "Feature", "properties": { "crop": "Winter Grain" }, "geometry": { "type": "Polygon", "coordinates": [ [ [ 16.394224245952216, 48.090188331926015 ], [ 16.396319516132792, 48.089793769666812 ], [ 16.396543757588404, 48.089741970515604 ], [ 16.396579210662082, 48.089719652939664 ], [ 16.395786206468301, 48.086884799194195 ], [ 16.393099436889543, 48.086525461580834 ], [ 16.394224245952216, 48.090188331926015 ] ] ] } },
{ "type": "Feature", "properties": { "crop": "Winter Grain" }, "geometry": { "type": "Polygon", "coordinates": [ [ [ 16.370092974910904, 48.114943842184623 ], [ 16.370977111904267, 48.114602101605769 ], [ 16.369569410300073, 48.112041017678841 ], [ 16.368752648715827, 48.112178289296644 ], [ 16.368629650238233, 48.112220407246078 ], [ 16.368616120837373, 48.112272427630501 ], [ 16.370092974910904, 48.114943842184623 ] ] ] } },
{ "type": "Feature", "properties": { "crop": "Winter Grain" }, "geometry": { "type": "Polygon", "coordinates": [ [ [ 16.380312889528284, 48.112321439782654 ], [ 16.379620524867391, 48.1110857488083 ], [ 16.377917759297191, 48.111502825594982 ], [ 16.378599073088822, 48.112700049867442 ], [ 16.380312889528284, 48.112321439782654 ] ] ] } },
{ "type": "Feature", "properties": { "crop": "Winter Grain" }, "geometry": { "type": "Polygon", "coordinates": [ [ [ 16.387923871789326, 48.087737225192818 ], [ 16.387784932828424, 48.087683650779915 ], [ 16.386750942701894, 48.091813745907707 ], [ 16.386889944615291, 48.091880140156384 ], [ 16.387923871789326, 48.087737225192818 ] ] ] } },
{ "type": "Feature", "properties": { "crop": "Winter Grain" }, "geometry": { "type": "Polygon", "coordinates": [ [ [ 16.384966684165192, 48.106356832901547 ], [ 16.386806617931143, 48.10609763120079 ], [ 16.386260161976963, 48.104986517913503 ], [ 16.385013108967883, 48.105285555983691 ], [ 16.384496781201562, 48.105347206308572 ], [ 16.384966684165192, 48.106356832901547 ] ] ] } },
{ "type": "Feature", "properties": { "crop": "Winter Grain" }, "geometry": { "type": "Polygon", "coordinates": [ [ [ 16.382764032234377, 48.105705252495454 ], [ 16.380588211576764, 48.106607336359552 ], [ 16.379456195347188, 48.10714690080885 ], [ 16.379011709023189, 48.107329475774741 ], [ 16.378954752260086, 48.107394467081072 ], [ 16.37920672970688, 48.107945492490558 ], [ 16.379272118513484, 48.10805311615843 ], [ 16.379316752765988, 48.108082617518832 ], [ 16.379385560795072, 48.108097718934637 ], [ 16.37994780524707, 48.107903616458771 ], [ 16.380411752000782, 48.107764353741963 ], [ 16.38090089236232, 48.107657792173427 ], [ 16.38342642968604, 48.107303783942541 ], [ 16.382764032234377, 48.105705252495454 ] ] ] } },
{ "type": "Feature", "properties": { "crop": "Winter Grain" }, "geometry": { "type": "Polygon", "coordinates": [ [ [ 16.363701797999624, 48.106534411234122 ], [ 16.365839162747193, 48.110351834569542 ], [ 16.366208987354923, 48.110348302931854 ], [ 16.366322907176482, 48.110319776436597 ], [ 16.366157613583027, 48.110010104782589 ], [ 16.366221916008669, 48.109993804570472 ], [ 16.365682280512885, 48.109019171497607 ], [ 16.365613290820761, 48.108917810708483 ], [ 16.365810896156006, 48.108856650514035 ], [ 16.364399569384659, 48.106359182830097 ], [ 16.363701797999624, 48.106534411234122 ] ] ] } },
{ "type": "Feature", "properties": { "crop": "Winter Grain" }, "geometry": { "type": "Polygon", "coordinates": [ [ [ 16.383147163211049, 48.12145277992191 ], [ 16.382875886313172, 48.121505460408727 ], [ 16.384865655225838, 48.126098938415346 ], [ 16.385137281060736, 48.126047009761741 ], [ 16.383147163211049, 48.12145277992191 ] ] ] } },
{ "type": "Feature", "properties": { "crop": "Winter Grain" }, "geometry": { "type": "Polygon", "coordinates": [ [ [ 16.363683118181427, 48.106500778388238 ], [ 16.364584673244114, 48.106274376761121 ], [ 16.362428893978347, 48.102423111937114 ], [ 16.361499440147103, 48.10259959489543 ], [ 16.363683118181427, 48.106500778388238 ] ] ] } },
{ "type": "Feature", "properties": { "crop": "Winter Grain" }, "geometry": { "type": "Polygon", "coordinates": [ [ [ 16.365675537396157, 48.106000447762476 ], [ 16.367537943421382, 48.105532713064285 ], [ 16.365381003130835, 48.101679798883659 ], [ 16.364587644604171, 48.101956022952137 ], [ 16.363547386202981, 48.102197644705591 ], [ 16.365675537396157, 48.106000447762476 ] ] ] } },
{ "type": "Feature", "properties": { "crop": "Winter Grain" }, "geometry": { "type": "Polygon", "coordinates": [ [ [ 16.382246274545992, 48.12159029165867 ], [ 16.383899384948734, 48.121269292144177 ], [ 16.382035948300427, 48.116948362676851 ], [ 16.380375735951478, 48.117270803804615 ], [ 16.382246274545992, 48.12159029165867 ] ], [ [ 16.382925849948094, 48.119586679481692 ], [ 16.382971599359848, 48.11962973542397 ], [ 16.38289449688358, 48.119659003859965 ], [ 16.382853038137227, 48.119602213471417 ], [ 16.382925849948094, 48.119586679481692 ] ] ] } },
{ "type": "Feature", "properties": { "crop": "Winter Grain" }, "geometry": { "type": "Polygon", "coordinates": [ [ [ 16.36941373405665, 48.107134553117199 ], [ 16.370102465456455, 48.106115403603035 ], [ 16.370412164989489, 48.105603592232058 ], [ 16.370833113357548, 48.104797293360441 ], [ 16.370777367981191, 48.104757384146019 ], [ 16.3684150576089, 48.105350826979134 ], [ 16.36941373405665, 48.107134553117199 ] ] ] } },
{ "type": "Feature", "properties": { "crop": "Winter Grain" }, "geometry": { "type": "Polygon", "coordinates": [ [ [ 16.386750941802575, 48.091813727921242 ], [ 16.387784919338628, 48.08768365077993 ], [ 16.387242515729554, 48.087474475666568 ], [ 16.386221225828937, 48.091561692018495 ], [ 16.386750941802575, 48.091813727921242 ] ] ] } },
{ "type": "Feature", "properties": { "crop": "Winter Grain" }, "geometry": { "type": "Polygon", "coordinates": [ [ [ 16.374627531135729, 48.123069447996677 ], [ 16.374885519651059, 48.123019440294982 ], [ 16.373015225672191, 48.118699736603624 ], [ 16.372757247948698, 48.11874983064024 ], [ 16.374627531135729, 48.123069447996677 ] ] ] } },
{ "type": "Feature", "properties": { "crop": "Winter Grain" }, "geometry": { "type": "Polygon", "coordinates": [ [ [ 16.383903001122633, 48.121268585277043 ], [ 16.384720374245944, 48.121109839647431 ], [ 16.382849288863667, 48.116790472302519 ], [ 16.382038992505557, 48.116947770023614 ], [ 16.383903001122633, 48.121268585277043 ] ] ] } },
{ "type": "Feature", "properties": { "crop": "Winter Grain" }, "geometry": { "type": "Polygon", "coordinates": [ [ [ 16.367200376596148, 48.119828287745342 ], [ 16.368232355838586, 48.122219926808221 ], [ 16.368168339397414, 48.122245520614349 ], [ 16.369002974108014, 48.124161077471797 ], [ 16.369617131925168, 48.124041937085792 ], [ 16.367747230949988, 48.119722239689672 ], [ 16.367200376596148, 48.119828287745342 ] ] ] } },
{ "type": "Feature", "properties": { "crop": "Winter Grain" }, "geometry": { "type": "Polygon", "coordinates": [ [ [ 16.376330238249921, 48.126868431632893 ], [ 16.377033287756092, 48.126874618069216 ], [ 16.375341505606059, 48.122968295850228 ], [ 16.374696451580007, 48.123093525545805 ], [ 16.376330238249921, 48.126868431632893 ] ] ] } },
{ "type": "Feature", "properties": { "crop": "Winter Grain" }, "geometry": { "type": "Polygon", "coordinates": [ [ [ 16.389507070694833, 48.096006207220725 ], [ 16.38811783217227, 48.093205761536687 ], [ 16.387618880207185, 48.093092305765367 ], [ 16.389112468865392, 48.096095158264973 ], [ 16.389507070694833, 48.096006207220725 ] ] ] } },
{ "type": "Feature", "properties": { "crop": "Winter Grain" }, "geometry": { "type": "Polygon", "coordinates": [ [ [ 16.373136678215189, 48.095920911021267 ], [ 16.372424715528268, 48.096093319151393 ], [ 16.373713271350425, 48.0984814175834 ], [ 16.374077204499429, 48.097703370913905 ], [ 16.373136678215189, 48.095920911021267 ] ] ] } },
{ "type": "Feature", "properties": { "crop": "Winter Grain" }, "geometry": { "type": "Polygon", "coordinates": [ [ [ 16.372406481773737, 48.096059531622132 ], [ 16.373117702520005, 48.095887314148278 ], [ 16.371869071200706, 48.093602632355676 ], [ 16.3710827966338, 48.093606203563525 ], [ 16.372406481773737, 48.096059531622132 ] ] ] } },
{ "type": "Feature", "properties": { "crop": "Winter Grain" }, "geometry": { "type": "Polygon", "coordinates": [ [ [ 16.387818081839043, 48.131670897693823 ], [ 16.387826074873274, 48.131692123992366 ], [ 16.387926060630836, 48.131692123992366 ], [ 16.387818081839043, 48.131670897693823 ] ] ] } },
{ "type": "Feature", "properties": { "crop": "Winter Grain" }, "geometry": { "type": "Polygon", "coordinates": [ [ [ 16.389194351329184, 48.131692123992366 ], [ 16.388593279456359, 48.129962447509001 ], [ 16.388310055065059, 48.129155269100451 ], [ 16.388272933748965, 48.129212468680514 ], [ 16.388148399229294, 48.129290018119882 ], [ 16.388975390489158, 48.131692123992366 ], [ 16.389194351329184, 48.131692123992366 ] ] ] } },
{ "type": "Feature", "properties": { "crop": "Winter Grain" }, "geometry": { "type": "Polygon", "coordinates": [ [ [ 16.387338333996979, 48.130296019545703 ], [ 16.38782155951742, 48.131634137905166 ], [ 16.38811602736472, 48.131692123992366 ], [ 16.388181805575673, 48.131692123992366 ], [ 16.38755270809105, 48.129936651355429 ], [ 16.387338333996979, 48.130296019545703 ] ] ] } },
{ "type": "Feature", "properties": { "crop": "Corn" }, "geometry": { "type": "Polygon", "coordinates": [ [ [ 16.385624682133425, 48.08887315347328 ], [ 16.38591839711637, 48.088910027475826 ], [ 16.386361790764056, 48.087135456436208 ], [ 16.386059176989477, 48.087025912715767 ], [ 16.385624682133425, 48.08887315347328 ] ] ] } },
{ "type": "Feature", "properties": { "crop": "Corn" }, "geometry": { "type": "Polygon", "coordinates": [ [ [ 16.359593721872841, 48.124053507763222 ], [ 16.361669744762935, 48.128186499607345 ], [ 16.363433441200414, 48.127952530185148 ], [ 16.363444447103575, 48.127928160356355 ], [ 16.361346272112826, 48.123797808921772 ], [ 16.359593721872841, 48.124053507763222 ] ] ] } },
{ "type": "Feature", "properties": { "crop": "Corn" }, "geometry": { "type": "Polygon", "coordinates": [ [ [ 16.363806507864069, 48.115855017295239 ], [ 16.361941299551404, 48.116126853571473 ], [ 16.360613457744932, 48.116280719479676 ], [ 16.360508093174019, 48.116350069799914 ], [ 16.360461374293038, 48.116417817528315 ], [ 16.360498276174553, 48.116536358066519 ], [ 16.360903223804769, 48.117470240159491 ], [ 16.361115472800861, 48.117463480855008 ], [ 16.36166767632227, 48.117340783650313 ], [ 16.362206815392256, 48.117242452677075 ], [ 16.362674648116581, 48.117180037029122 ], [ 16.364584316213268, 48.116824231952812 ], [ 16.364161813816679, 48.116079912557957 ], [ 16.364025241871445, 48.115941990730335 ], [ 16.363899685721947, 48.115854700733898 ], [ 16.363806507864069, 48.115855017295239 ] ] ] } },
{ "type": "Feature", "properties": { "crop": "Corn" }, "geometry": { "type": "Polygon", "coordinates": [ [ [ 16.367312241466834, 48.119769213978081 ], [ 16.366178044381286, 48.117483130142361 ], [ 16.365588624215661, 48.11762828431791 ], [ 16.365600259644339, 48.11770339659455 ], [ 16.3660586800641, 48.118719537876409 ], [ 16.366205859512831, 48.119006995376594 ], [ 16.366796152020868, 48.119869306723153 ], [ 16.367312241466834, 48.119769213978081 ] ] ] } },
{ "type": "Feature", "properties": { "crop": "Corn" }, "geometry": { "type": "Polygon", "coordinates": [ [ [ 16.379725682594199, 48.122079796245664 ], [ 16.377855011799397, 48.117760259828167 ], [ 16.377338939440566, 48.11786045329734 ], [ 16.379209569765866, 48.12217999870802 ], [ 16.379725682594199, 48.122079796245664 ] ] ] } },
{ "type": "Feature", "properties": { "crop": "Corn" }, "geometry": { "type": "Polygon", "coordinates": [ [ [ 16.377840214354478, 48.117725635929389 ], [ 16.375690778906346, 48.113389527704612 ], [ 16.375181339946948, 48.113502025697983 ], [ 16.377323743595923, 48.117825921129388 ], [ 16.377840214354478, 48.117725635929389 ] ] ] } },
{ "type": "Feature", "properties": { "crop": "Corn" }, "geometry": { "type": "Polygon", "coordinates": [ [ [ 16.37707372487256, 48.098968873514757 ], [ 16.382493331801868, 48.09760135182097 ], [ 16.380817168177828, 48.094212673076456 ], [ 16.380731356666843, 48.094189178287991 ], [ 16.376496432064755, 48.0951409083263 ], [ 16.376299367222089, 48.095213678768289 ], [ 16.376168673245729, 48.095319046037226 ], [ 16.375615678320969, 48.096031916140078 ], [ 16.37707372487256, 48.098968873514757 ] ] ] } },
{ "type": "Feature", "properties": { "crop": "Corn" }, "geometry": { "type": "Polygon", "coordinates": [ [ [ 16.362294721424291, 48.102399677403234 ], [ 16.362900319494202, 48.102283363586416 ], [ 16.361168405097885, 48.098824174396157 ], [ 16.360731610675316, 48.099280569542714 ], [ 16.362294721424291, 48.102399677403234 ] ] ] } },
{ "type": "Feature", "properties": { "crop": "Corn" }, "geometry": { "type": "Polygon", "coordinates": [ [ [ 16.361676423128472, 48.107004498558815 ], [ 16.362949643711147, 48.106684848027385 ], [ 16.360739010297152, 48.102735110137303 ], [ 16.359959355639774, 48.102850028206262 ], [ 16.359378254203136, 48.102898445906582 ], [ 16.361676423128472, 48.107004498558815 ] ] ] } },
{ "type": "Feature", "properties": { "crop": "Corn" }, "geometry": { "type": "Polygon", "coordinates": [ [ [ 16.389123147415376, 48.088198044104502 ], [ 16.388065919706492, 48.092444227319284 ], [ 16.388432990590104, 48.092620149999959 ], [ 16.389163041341362, 48.092925950971896 ], [ 16.390233153637155, 48.088624534994338 ], [ 16.389123147415376, 48.088198044104502 ] ] ] } },
{ "type": "Feature", "properties": { "crop": "Beet" }, "geometry": { "type": "Polygon", "coordinates": [ [ [ 16.36204530884396, 48.085622273349308 ], [ 16.361686126813368, 48.08564960104831 ], [ 16.362271082744314, 48.089103839470674 ], [ 16.362627458890188, 48.089077772621181 ], [ 16.362565214113374, 48.088087967985352 ], [ 16.362469500167322, 48.087300800391681 ], [ 16.36204530884396, 48.085622273349308 ] ] ] } },
{ "type": "Feature", "properties": { "crop": "Beet" }, "geometry": { "type": "Polygon", "coordinates": [ [ [ 16.396583347543526, 48.089734479162928 ], [ 16.400515315729308, 48.088075495287903 ], [ 16.400527720078287, 48.088017115797307 ], [ 16.40011369379198, 48.087658954497215 ], [ 16.399897612784628, 48.087494932545141 ], [ 16.399754882282025, 48.087413905427468 ], [ 16.399580911130215, 48.087374433283522 ], [ 16.396739505823575, 48.08701192735861 ], [ 16.395905232640416, 48.087310308923691 ], [ 16.396583347543526, 48.089734479162928 ] ], [ [ 16.396509137286898, 48.08834822099368 ], [ 16.396498228510495, 48.088401941996096 ], [ 16.39641336398563, 48.088394756412917 ], [ 16.396429325153292, 48.088347186773326 ], [ 16.396509137286898, 48.08834822099368 ] ] ] } },
{ "type": "Feature", "properties": { "crop": "Beet" }, "geometry": { "type": "Polygon", "coordinates": [ [ [ 16.3799657808961, 48.106760852431428 ], [ 16.380414525509991, 48.106546904615996 ], [ 16.381253831299318, 48.106187277420986 ], [ 16.377455001447231, 48.098879359494909 ], [ 16.37699560076641, 48.098988244012332 ], [ 16.376020242839957, 48.099274858847707 ], [ 16.3799657808961, 48.106760852431428 ] ] ] } },
{ "type": "Feature", "properties": { "crop": "Beet" }, "geometry": { "type": "Polygon", "coordinates": [ [ [ 16.373412693640944, 48.118585130599342 ], [ 16.371410182234172, 48.114546753729769 ], [ 16.370469124450608, 48.114910819079107 ], [ 16.372389258857254, 48.118783762061007 ], [ 16.373412693640944, 48.118585130599342 ] ] ] } },
{ "type": "Feature", "properties": { "crop": "Beet" }, "geometry": { "type": "Polygon", "coordinates": [ [ [ 16.375243991217246, 48.103685021746394 ], [ 16.377343897402966, 48.107620202310564 ], [ 16.377796041454189, 48.107474435696695 ], [ 16.375714126205992, 48.103572532746227 ], [ 16.375243991217246, 48.103685021746394 ] ] ] } },
{ "type": "Feature", "properties": { "crop": "Beet" }, "geometry": { "type": "Polygon", "coordinates": [ [ [ 16.368206398706377, 48.105364826725406 ], [ 16.368881749992795, 48.105195179513991 ], [ 16.366657809310482, 48.101222644709367 ], [ 16.36600830903626, 48.101438455020734 ], [ 16.368206398706377, 48.105364826725406 ] ] ] } },
{ "type": "Feature", "properties": { "crop": "Beet" }, "geometry": { "type": "Polygon", "coordinates": [ [ [ 16.375498312297339, 48.10860164415061 ], [ 16.376973281391884, 48.111657946057385 ], [ 16.377378595945515, 48.111524789737302 ], [ 16.375906764585579, 48.108469147932908 ], [ 16.375498312297339, 48.10860164415061 ] ] ] } },
{ "type": "Feature", "properties": { "crop": "Beet" }, "geometry": { "type": "Polygon", "coordinates": [ [ [ 16.381237362014701, 48.112115023789372 ], [ 16.384696249932063, 48.111353240459714 ], [ 16.383919683546594, 48.109964368860567 ], [ 16.383309166185143, 48.11021185869037 ], [ 16.380531776420412, 48.110866010258228 ], [ 16.381237362014701, 48.112115023789372 ] ] ] } },
{ "type": "Feature", "properties": { "crop": "Beet" }, "geometry": { "type": "Polygon", "coordinates": [ [ [ 16.376333148456069, 48.122738441725744 ], [ 16.376745047845759, 48.122658441633796 ], [ 16.376788261169395, 48.122637475738941 ], [ 16.376790806250767, 48.122602126986628 ], [ 16.374957976229666, 48.11836967731881 ], [ 16.374921894529848, 48.118334556994292 ], [ 16.37446274386059, 48.118418761416756 ], [ 16.376333148456069, 48.122738441725744 ] ] ] } },
{ "type": "Feature", "properties": { "crop": "Beet" }, "geometry": { "type": "Polygon", "coordinates": [ [ [ 16.40454300595502, 48.125076876896401 ], [ 16.403957920521691, 48.125717424419634 ], [ 16.403704052699936, 48.126042714599627 ], [ 16.404236577256313, 48.128001700618029 ], [ 16.404896740792026, 48.130145945179258 ], [ 16.405834058295227, 48.129974832072882 ], [ 16.4056632464617, 48.129423953252903 ], [ 16.405218726862813, 48.127825921828894 ], [ 16.40454300595502, 48.125076876896401 ] ] ] } },
{ "type": "Feature", "properties": { "crop": "Beet" }, "geometry": { "type": "Polygon", "coordinates": [ [ [ 16.392731974800824, 48.127454300375696 ], [ 16.394201679169161, 48.131692123992366 ], [ 16.394979972982028, 48.131692123992366 ], [ 16.393373651872594, 48.127191073309469 ], [ 16.393051176570566, 48.127338530648721 ], [ 16.392731974800824, 48.127454300375696 ] ] ] } },
{ "type": "Feature", "properties": { "crop": "Beet" }, "geometry": { "type": "Polygon", "coordinates": [ [ [ 16.360407411372989, 48.113403303519704 ], [ 16.361659715523501, 48.115361844373687 ], [ 16.362375345645717, 48.115273267447378 ], [ 16.361040498120531, 48.113147580396564 ], [ 16.360407411372989, 48.113403303519704 ] ] ] } },
{ "type": "Feature", "properties": { "crop": "Beet" }, "geometry": { "type": "Polygon", "coordinates": [ [ [ 16.376147978046788, 48.108271603751575 ], [ 16.375857059056102, 48.108365954325386 ], [ 16.377378595945515, 48.111524789737302 ], [ 16.37766899602741, 48.111429350983819 ], [ 16.376147978046788, 48.108271603751575 ] ] ] } },
{ "type": "Feature", "properties": { "crop": "Beet" }, "geometry": { "type": "Polygon", "coordinates": [ [ [ 16.364959807449225, 48.110275440759033 ], [ 16.365413159289915, 48.110299961673945 ], [ 16.363353790944757, 48.106621802853958 ], [ 16.362968450333767, 48.106718595087166 ], [ 16.364959807449225, 48.110275440759033 ] ] ] } },
{ "type": "Feature", "properties": { "crop": "Beet" }, "geometry": { "type": "Polygon", "coordinates": [ [ [ 16.375229011209967, 48.096331846337691 ], [ 16.376100941705147, 48.095239030656792 ], [ 16.37604629889762, 48.095221331998907 ], [ 16.374808886620883, 48.095515962491731 ], [ 16.375229011209967, 48.096331846337691 ] ] ] } },
{ "type": "Feature", "properties": { "crop": "Beet" }, "geometry": { "type": "Polygon", "coordinates": [ [ [ 16.382875886313172, 48.121505460408727 ], [ 16.382255278558318, 48.12162601273036 ], [ 16.384238616419054, 48.126200339673964 ], [ 16.384482006239637, 48.126172292517367 ], [ 16.384865655225838, 48.126098938415346 ], [ 16.382875886313172, 48.121505460408727 ] ] ] } },
{ "type": "Feature", "properties": { "crop": "Beet" }, "geometry": { "type": "Polygon", "coordinates": [ [ [ 16.387215837341046, 48.125579165346274 ], [ 16.387730344879571, 48.125475333220102 ], [ 16.385766408992652, 48.120943644034007 ], [ 16.385250052447986, 48.12104414147398 ], [ 16.387215837341046, 48.125579165346274 ] ] ] } },
{ "type": "Feature", "properties": { "crop": "Beet" }, "geometry": { "type": "Polygon", "coordinates": [ [ [ 16.387139145854974, 48.096542028691701 ], [ 16.388186749019329, 48.096303867529521 ], [ 16.386474874216105, 48.09283919787071 ], [ 16.385428888032834, 48.092603757157747 ], [ 16.385177557198574, 48.092566991973172 ], [ 16.387139145854974, 48.096542028691701 ] ] ] } },
{ "type": "Feature", "properties": { "crop": "Beet" }, "geometry": { "type": "Polygon", "coordinates": [ [ [ 16.377323743595923, 48.117825921129388 ], [ 16.375181339946948, 48.113502025697983 ], [ 16.374670292999667, 48.113614888816137 ], [ 16.376807271038786, 48.117926203631427 ], [ 16.377323743595923, 48.117825921129388 ] ] ] } },
{ "type": "Feature", "properties": { "crop": "Beet" }, "geometry": { "type": "Polygon", "coordinates": [ [ [ 16.365208099474273, 48.096468728549027 ], [ 16.365822637704639, 48.097598146637203 ], [ 16.36591242961498, 48.097631865818016 ], [ 16.366933116969847, 48.097384771689924 ], [ 16.365356795179991, 48.094461099999812 ], [ 16.365168322460136, 48.09469274287585 ], [ 16.365063192612297, 48.095012966275419 ], [ 16.364923091727348, 48.095168099328362 ], [ 16.364693553264942, 48.095350019587784 ], [ 16.364709893047177, 48.095483897164179 ], [ 16.365208099474273, 48.096468728549027 ] ] ] } },
{ "type": "Feature", "properties": { "crop": "Beet" }, "geometry": { "type": "Polygon", "coordinates": [ [ [ 16.379209569765866, 48.12217999870802 ], [ 16.377338939440566, 48.11786045329734 ], [ 16.376822877873565, 48.117960644967866 ], [ 16.37869346862874, 48.122280189479234 ], [ 16.379209569765866, 48.12217999870802 ] ] ] } },
{ "type": "Feature", "properties": { "crop": "Beet" }, "geometry": { "type": "Polygon", "coordinates": [ [ [ 16.384584641368178, 48.12117365374116 ], [ 16.383921228581869, 48.121302451946619 ], [ 16.385902262379545, 48.125875536926515 ], [ 16.386553599968693, 48.125718768006784 ], [ 16.384584641368178, 48.12117365374116 ] ] ] } },
{ "type": "Feature", "properties": { "crop": "Grass" }, "geometry": { "type": "Polygon", "coordinates": [ [ [ 16.376327814577053, 48.112158897215402 ], [ 16.373671409707867, 48.11301353104966 ], [ 16.373656192279498, 48.112994672266375 ], [ 16.373861240403983, 48.113350612240986 ], [ 16.374028804785556, 48.113331287608894 ], [ 16.374176365546873, 48.113380808777393 ], [ 16.374482072989338, 48.113307557198084 ], [ 16.374500926376697, 48.113341246701211 ], [ 16.375002049305181, 48.11319848562168 ], [ 16.375137533070756, 48.113447851437222 ], [ 16.376846659545777, 48.113070533678233 ], [ 16.376327814577053, 48.112158897215402 ] ] ] } },
{ "type": "Feature", "properties": { "crop": "Grass" }, "geometry": { "type": "Polygon", "coordinates": [ [ [ 16.367830548640939, 48.113876620309838 ], [ 16.368292068124504, 48.113762094345255 ], [ 16.368160303055618, 48.113524075275905 ], [ 16.368522397990318, 48.113421014768051 ], [ 16.368439079400048, 48.113270767731805 ], [ 16.368070763854746, 48.113362133455723 ], [ 16.367981225553194, 48.113200181743011 ], [ 16.368432391141994, 48.11308826651031 ], [ 16.368253306445013, 48.112764472802219 ], [ 16.367802142654796, 48.112876378142388 ], [ 16.367606800013846, 48.112523353769802 ], [ 16.367187322037353, 48.11263615753267 ], [ 16.367163973838387, 48.112671508982999 ], [ 16.367830548640939, 48.113876620309838 ] ] ] } },
{ "type": "Feature", "properties": { "crop": "Grass" }, "geometry": { "type": "Polygon", "coordinates": [ [ [ 16.361381395135311, 48.109213302751755 ], [ 16.362145710056495, 48.110559855852721 ], [ 16.36234199608629, 48.110569426437905 ], [ 16.362593232491747, 48.110535015678465 ], [ 16.362662176318452, 48.110467001750813 ], [ 16.361889390682904, 48.109085732120874 ], [ 16.361381395135311, 48.109213302751755 ] ] ] } },
{ "type": "Feature", "properties": { "crop": "Grass" }, "geometry": { "type": "Polygon", "coordinates": [ [ [ 16.399686137205492, 48.124363772070467 ], [ 16.399996685698511, 48.124252316391335 ], [ 16.399559060302465, 48.123082793036538 ], [ 16.399239500602505, 48.123149129728631 ], [ 16.399686137205492, 48.124363772070467 ] ] ] } },
{ "type": "Feature", "properties": { "crop": "Grass" }, "geometry": { "type": "Polygon", "coordinates": [ [ [ 16.399726748790499, 48.123050121565939 ], [ 16.400159819120404, 48.124191577079664 ], [ 16.400320021651737, 48.124138378583375 ], [ 16.399895470599517, 48.123011013647442 ], [ 16.399726748790499, 48.123050121565939 ] ] ] } },
{ "type": "Feature", "properties": { "crop": "Grass" }, "geometry": { "type": "Polygon", "coordinates": [ [ [ 16.37312240687362, 48.113096573548084 ], [ 16.372252106849317, 48.113385447480489 ], [ 16.372309606802958, 48.113410338016763 ], [ 16.372548652898047, 48.113613242157442 ], [ 16.372870601197349, 48.11393689017541 ], [ 16.372962050558215, 48.113944786222987 ], [ 16.373138815903701, 48.113905739458339 ], [ 16.373038866150807, 48.113730398639056 ], [ 16.373426801305868, 48.113631390476364 ], [ 16.37312240687362, 48.113096573548084 ] ] ] } },
{ "type": "Feature", "properties": { "crop": "Grass" }, "geometry": { "type": "Polygon", "coordinates": [ [ [ 16.371494323704098, 48.111650437617641 ], [ 16.372192364885791, 48.113118790399938 ], [ 16.37239317180746, 48.113147086668789 ], [ 16.372539295452157, 48.113127578574961 ], [ 16.373113666362656, 48.112959788463513 ], [ 16.372019907292952, 48.11068642373953 ], [ 16.371079423276797, 48.110896399249491 ], [ 16.371445036359376, 48.111661657559523 ], [ 16.371494323704098, 48.111650437617641 ] ] ] } },
{ "type": "Feature", "properties": { "crop": "Grass" }, "geometry": { "type": "Polygon", "coordinates": [ [ [ 16.404766661052633, 48.094372546455922 ], [ 16.405874846247219, 48.095443107486133 ], [ 16.405874846247219, 48.093940990429196 ], [ 16.404766661052633, 48.094372546455922 ] ] ] } },
{ "type": "Feature", "properties": { "crop": "Sunflower" }, "geometry": { "type": "Polygon", "coordinates": [ [ [ 16.400219533204961, 48.116346904186337 ], [ 16.401814006910968, 48.120315591691281 ], [ 16.402565666572286, 48.122408609070085 ], [ 16.403068648399426, 48.122296369182152 ], [ 16.40178432928343, 48.118748868365628 ], [ 16.401392373259455, 48.117767383358114 ], [ 16.40075508218132, 48.116250485171804 ], [ 16.400219533204961, 48.116346904186337 ] ] ] } },
{ "type": "Feature", "properties": { "crop": "Sunflower" }, "geometry": { "type": "Polygon", "coordinates": [ [ [ 16.402200459983305, 48.123447728030278 ], [ 16.40300646837386, 48.123126624194413 ], [ 16.402835114249172, 48.122408553312141 ], [ 16.402428429128747, 48.122474879212348 ], [ 16.401935803894276, 48.122579243737171 ], [ 16.402200459983305, 48.123447728030278 ] ] ] } },
{ "type": "Feature", "properties": { "crop": "Sunflower" }, "geometry": { "type": "Polygon", "coordinates": [ [ [ 16.384349908421598, 48.090938816173491 ], [ 16.384213109847167, 48.090791560282355 ], [ 16.383413099035351, 48.090393128240351 ], [ 16.382492240024931, 48.089960468001273 ], [ 16.384036982121074, 48.091795750473572 ], [ 16.384349908421598, 48.090938816173491 ] ] ] } },
{ "type": "Feature", "properties": { "crop": "Sunflower" }, "geometry": { "type": "Polygon", "coordinates": [ [ [ 16.371605495197514, 48.099686923712625 ], [ 16.372278236651368, 48.099551822158901 ], [ 16.370661969674188, 48.096520147287023 ], [ 16.369979318590712, 48.09668543458519 ], [ 16.371605495197514, 48.099686923712625 ] ] ] } },
{ "type": "Feature", "properties": { "crop": "Sunflower" }, "geometry": { "type": "Polygon", "coordinates": [ [ [ 16.362900306004349, 48.102283363586423 ], [ 16.36456611573368, 48.101911751126472 ], [ 16.364723743506033, 48.10185901937831 ], [ 16.362508701615354, 48.097428692779999 ], [ 16.361168405097885, 48.098824174396157 ], [ 16.362900306004349, 48.102283363586423 ] ] ] } },
{ "type": "Feature", "properties": { "crop": "Sunflower" }, "geometry": { "type": "Polygon", "coordinates": [ [ [ 16.40071699049679, 48.116168071299512 ], [ 16.401392373259455, 48.117767383358114 ], [ 16.40178432928343, 48.118748868365628 ], [ 16.403068648399426, 48.122296369182152 ], [ 16.40338952830416, 48.122223846953041 ], [ 16.404207958130826, 48.122094113452647 ], [ 16.403713764478709, 48.12076790841229 ], [ 16.402875958758557, 48.118410543411926 ], [ 16.402434102951531, 48.117284929455991 ], [ 16.4018896605794, 48.115963917101169 ], [ 16.400972171328704, 48.116104654706078 ], [ 16.400946085593432, 48.116129697227784 ], [ 16.40071699049679, 48.116168071299512 ] ] ] } },
{ "type": "Feature", "properties": { "crop": "Sunflower" }, "geometry": { "type": "Polygon", "coordinates": [ [ [ 16.373480210243542, 48.099345622902199 ], [ 16.375168629828465, 48.099375769975829 ], [ 16.375302232212277, 48.099396144116831 ], [ 16.374362955086383, 48.097464878801183 ], [ 16.374160811772072, 48.097792649311366 ], [ 16.374059110139854, 48.098000210141663 ], [ 16.373831533098837, 48.098549397336846 ], [ 16.373432756616467, 48.099334171834649 ], [ 16.373480210243542, 48.099345622902199 ] ] ] } },
{ "type": "Feature", "properties": { "crop": "Sunflower" }, "geometry": { "type": "Polygon", "coordinates": [ [ [ 16.374885519651059, 48.123019431301771 ], [ 16.375300909309544, 48.122938813375583 ], [ 16.373430575760494, 48.118619205911671 ], [ 16.373015211283018, 48.118699718617165 ], [ 16.374885519651059, 48.123019431301771 ] ] ] } },
{ "type": "Feature", "properties": { "crop": "Sunflower" }, "geometry": { "type": "Polygon", "coordinates": [ [ [ 16.405178412054113, 48.108605200069974 ], [ 16.404747251884203, 48.108638279832803 ], [ 16.404978737378883, 48.109656980585207 ], [ 16.405377751282231, 48.109618232395576 ], [ 16.405204334112796, 48.108746751561398 ], [ 16.405874846247219, 48.108667974002472 ], [ 16.405874846247219, 48.107735624306997 ], [ 16.405857715860975, 48.107648568726518 ], [ 16.404995121227898, 48.107673812696362 ], [ 16.405178412054113, 48.108605200069974 ] ] ] } },
{ "type": "Feature", "properties": { "crop": "Sunflower" }, "geometry": { "type": "Polygon", "coordinates": [ [ [ 16.397617857478167, 48.087092212535644 ], [ 16.39835897168922, 48.087191107383767 ], [ 16.400040042913702, 48.084420632506237 ], [ 16.399755211433899, 48.084300489376105 ], [ 16.399088945098811, 48.084085549608453 ], [ 16.397617857478167, 48.087092212535644 ] ] ] } },
{ "type": "Feature", "properties": { "crop": "Sunflower" }, "geometry": { "type": "Polygon", "coordinates": [ [ [ 16.383444615776455, 48.097386202511302 ], [ 16.384336008500043, 48.097182585208202 ], [ 16.382646015101557, 48.093758767253348 ], [ 16.381748884703313, 48.093958067810661 ], [ 16.383444615776455, 48.097386202511302 ] ] ] } },
{ "type": "Feature", "properties": { "crop": "Sunflower" }, "geometry": { "type": "Polygon", "coordinates": [ [ [ 16.375559040817109, 48.122888719338953 ], [ 16.373688686583648, 48.118569116371702 ], [ 16.373430589250347, 48.118619205911671 ], [ 16.375300909309544, 48.122938813375583 ], [ 16.375559040817109, 48.122888719338953 ] ] ] } },
{ "type": "Feature", "properties": { "crop": "Sunflower" }, "geometry": { "type": "Polygon", "coordinates": [ [ [ 16.362685839280118, 48.118246985510027 ], [ 16.365049452770052, 48.117789515673671 ], [ 16.365107902407829, 48.117755201141684 ], [ 16.364584316213268, 48.116824231952812 ], [ 16.362424606010791, 48.117226057136854 ], [ 16.36255349864507, 48.117546937041539 ], [ 16.362476955547095, 48.117649476841954 ], [ 16.362685839280118, 48.118246985510027 ] ] ] } },
{ "type": "Feature", "properties": { "crop": "Sunflower" }, "geometry": { "type": "Polygon", "coordinates": [ [ [ 16.369130335196871, 48.100317472573344 ], [ 16.368522942979492, 48.10055066947784 ], [ 16.370846886474681, 48.104701601897489 ], [ 16.370888639299324, 48.104691065440356 ], [ 16.371234512262959, 48.10407428520017 ], [ 16.369130335196871, 48.100317472573344 ] ] ] } },
{ "type": "Feature", "properties": { "crop": "Sunflower" }, "geometry": { "type": "Polygon", "coordinates": [ [ [ 16.376398576832912, 48.112283243776751 ], [ 16.376855019643472, 48.113085232197747 ], [ 16.378599073088822, 48.112700049867442 ], [ 16.378054271887208, 48.111742726945359 ], [ 16.376398576832912, 48.112283243776751 ] ] ] } },
{ "type": "Feature", "properties": { "crop": "Fallow" }, "geometry": { "type": "Polygon", "coordinates": [ [ [ 16.398739394807251, 48.123244936304843 ], [ 16.399202403568097, 48.124509879527352 ], [ 16.399392128144257, 48.124454471396803 ], [ 16.398922974315838, 48.123209011087049 ], [ 16.398739394807251, 48.123244936304843 ] ] ] } },
{ "type": "Feature", "properties": { "crop": "Fallow" }, "geometry": { "type": "Polygon", "coordinates": [ [ [ 16.394827423946481, 48.125609065106346 ], [ 16.394901362607868, 48.125474071471274 ], [ 16.394539454732126, 48.124394410173913 ], [ 16.394497638055611, 48.124403380911339 ], [ 16.39447355870783, 48.124385613905027 ], [ 16.394406299311299, 48.124389746289808 ], [ 16.394354081975337, 48.124413008153851 ], [ 16.394773360302395, 48.125644620702758 ], [ 16.394827423946481, 48.125609065106346 ] ] ] } },
{ "type": "Feature", "properties": { "crop": "Fallow" }, "geometry": { "type": "Polygon", "coordinates": [ [ [ 16.384501409112772, 48.090739729654835 ], [ 16.384680446145751, 48.090829219393001 ], [ 16.384935923753915, 48.089784245846317 ], [ 16.384734597024078, 48.089759209619892 ], [ 16.384504565733153, 48.090679831209286 ], [ 16.384501409112772, 48.090739729654835 ] ] ] } },
{ "type": "Feature", "properties": { "crop": "Fallow" }, "geometry": { "type": "Polygon", "coordinates": [ [ [ 16.384949826373429, 48.089723839283799 ], [ 16.38505780887084, 48.089278414966941 ], [ 16.385157350331497, 48.088877722029274 ], [ 16.384957099190842, 48.088855611297504 ], [ 16.384750044678867, 48.089697412705505 ], [ 16.384949826373429, 48.089723839283799 ] ] ] } },
{ "type": "Feature", "properties": { "crop": "Fallow" }, "geometry": { "type": "Polygon", "coordinates": [ [ [ 16.377131488327564, 48.103233080942005 ], [ 16.379203210659682, 48.107120670282768 ], [ 16.379239672772712, 48.107107010480199 ], [ 16.377168007997227, 48.103224335934385 ], [ 16.377131488327564, 48.103233080942005 ] ] ] } },
{ "type": "Feature", "properties": { "crop": "Fallow" }, "geometry": { "type": "Polygon", "coordinates": [ [ [ 16.367824693155114, 48.115365221327977 ], [ 16.369770516696065, 48.119292150612296 ], [ 16.36981096010777, 48.119284304926786 ], [ 16.367865443235644, 48.115360150050947 ], [ 16.367824693155114, 48.115365221327977 ] ] ] } },
{ "type": "Feature", "properties": { "crop": "Fallow" }, "geometry": { "type": "Polygon", "coordinates": [ [ [ 16.369797788637072, 48.119324270798522 ], [ 16.371662434873542, 48.123644986227184 ], [ 16.371701445665224, 48.123637420230793 ], [ 16.369831385510111, 48.119317756109623 ], [ 16.369797788637072, 48.119324270798522 ] ] ] } },
{ "type": "Feature", "properties": { "crop": "Fallow" }, "geometry": { "type": "Polygon", "coordinates": [ [ [ 16.377036554993083, 48.110116405547721 ], [ 16.37766899602741, 48.111429350983819 ], [ 16.378011356239142, 48.11132913683025 ], [ 16.377383317386261, 48.110025161232265 ], [ 16.377036554993083, 48.110116405547721 ] ] ] } },
{ "type": "Feature", "properties": { "crop": "Fallow" }, "geometry": { "type": "Polygon", "coordinates": [ [ [ 16.373683682755825, 48.123290203680021 ], [ 16.37519976345834, 48.126818683835261 ], [ 16.375241417357586, 48.126894971525751 ], [ 16.375280788777445, 48.1268937781254 ], [ 16.373722625199036, 48.123282638582957 ], [ 16.373683682755825, 48.123290203680021 ] ] ] } },
{ "type": "Feature", "properties": { "crop": "Fallow" }, "geometry": { "type": "Polygon", "coordinates": [ [ [ 16.402134900305441, 48.124276333685884 ], [ 16.40286952950521, 48.126512836098577 ], [ 16.403086858771587, 48.127152878202814 ], [ 16.403249623471368, 48.126875138776697 ], [ 16.402420560960195, 48.124169345838716 ], [ 16.402134900305441, 48.124276333685884 ] ] ] } },
{ "type": "Feature", "properties": { "crop": "Fallow" }, "geometry": { "type": "Polygon", "coordinates": [ [ [ 16.401901299605356, 48.123563787338973 ], [ 16.402200879067379, 48.123449130972688 ], [ 16.401936889375975, 48.122582816743659 ], [ 16.401602176099573, 48.122651361271373 ], [ 16.401901299605356, 48.123563787338973 ] ] ] } },
{ "type": "Feature", "properties": { "crop": "Fallow" }, "geometry": { "type": "Polygon", "coordinates": [ [ [ 16.396601135234278, 48.12870178416005 ], [ 16.396383591929293, 48.128730173958388 ], [ 16.396559662998072, 48.129185917995756 ], [ 16.396326474187504, 48.129221562625041 ], [ 16.396591727426312, 48.129902231602784 ], [ 16.397029118998717, 48.129829409899401 ], [ 16.396601135234278, 48.12870178416005 ] ] ] } },
{ "type": "Feature", "properties": { "crop": "Fallow" }, "geometry": { "type": "Polygon", "coordinates": [ [ [ 16.392101613898433, 48.098511132982495 ], [ 16.392284482942557, 48.098804499028468 ], [ 16.394294202415551, 48.098423394224298 ], [ 16.394134720241198, 48.098052249411808 ], [ 16.392101613898433, 48.098511132982495 ] ] ] } },
{ "type": "Feature", "properties": { "crop": "Fallow" }, "geometry": { "type": "Polygon", "coordinates": [ [ [ 16.394214173545322, 48.125340238860986 ], [ 16.394352401142442, 48.125742723248138 ], [ 16.394583431580145, 48.125700593607569 ], [ 16.394773360302395, 48.125644620702758 ], [ 16.39464414391216, 48.125265063631836 ], [ 16.394214173545322, 48.125340238860986 ] ] ] } },
{ "type": "Feature", "properties": { "crop": "Fallow" }, "geometry": { "type": "Polygon", "coordinates": [ [ [ 16.396731861586208, 48.126056513797153 ], [ 16.397028108160725, 48.126890142166346 ], [ 16.397166311476155, 48.12687399124178 ], [ 16.39718648326965, 48.126969483055234 ], [ 16.397061404660121, 48.126983802960176 ], [ 16.397075621143074, 48.127023823690585 ], [ 16.397275228369153, 48.12700498019575 ], [ 16.396918528467381, 48.126004989838464 ], [ 16.396731861586208, 48.126056513797153 ] ], [ [ 16.397090799001205, 48.126544740447464 ], [ 16.397016148976149, 48.126548096717329 ], [ 16.397014958273758, 48.126492462856895 ], [ 16.397087608206618, 48.126490546401669 ], [ 16.397090799001205, 48.126544740447464 ] ] ] } },
{ "type": "Feature", "properties": { "crop": "Fallow" }, "geometry": { "type": "Polygon", "coordinates": [ [ [ 16.361390835318844, 48.118548835760237 ], [ 16.361498156814548, 48.118532253160993 ], [ 16.361510855241818, 48.118486610768514 ], [ 16.361341702657512, 48.11803959824892 ], [ 16.361188281913712, 48.117792486134363 ], [ 16.361184933737775, 48.117695631847994 ], [ 16.361115472800861, 48.117463480855008 ], [ 16.360967533424969, 48.117465438679119 ], [ 16.361390835318844, 48.118548835760237 ] ] ] } },
{ "type": "Feature", "properties": { "crop": "Fallow" }, "geometry": { "type": "Polygon", "coordinates": [ [ [ 16.390897009789228, 48.125911892919596 ], [ 16.390934736349038, 48.125995562245464 ], [ 16.39092968215914, 48.126054187250986 ], [ 16.39036292940574, 48.126296243376991 ], [ 16.390143153983445, 48.126417005240619 ], [ 16.389967507394601, 48.126569275751542 ], [ 16.389840448477969, 48.126642167602022 ], [ 16.39000372579136, 48.126714518959936 ], [ 16.390140795061711, 48.126737883346721 ], [ 16.390713581366754, 48.126650851455679 ], [ 16.390791510320014, 48.126630055532686 ], [ 16.39084917754758, 48.126595803053938 ], [ 16.391051821784174, 48.12643708530328 ], [ 16.39116308141115, 48.126375916115705 ], [ 16.390991095962363, 48.125883450960551 ], [ 16.390897009789228, 48.125911892919596 ] ] ] } },
{ "type": "Feature", "properties": { "crop": "Fallow" }, "geometry": { "type": "Polygon", "coordinates": [ [ [ 16.399065284835103, 48.122011333556259 ], [ 16.399458389293272, 48.123066167269897 ], [ 16.399659907578723, 48.123023888341827 ], [ 16.399387563185542, 48.122338883732539 ], [ 16.398920135156175, 48.121061903084403 ], [ 16.398218644175131, 48.119477141157176 ], [ 16.39748206164785, 48.117522777654116 ], [ 16.397380434659397, 48.117621287592392 ], [ 16.397394797731806, 48.117672288145627 ], [ 16.39733422569401, 48.117749915825989 ], [ 16.397847583898908, 48.119077862853146 ], [ 16.399065284835103, 48.122011333556259 ] ] ] } },
{ "type": "Feature", "properties": { "crop": "Fallow" }, "geometry": { "type": "Polygon", "coordinates": [ [ [ 16.399996685698511, 48.124252316391335 ], [ 16.400159819120404, 48.124191577079664 ], [ 16.400141016994382, 48.124141315769194 ], [ 16.399726748790499, 48.123050121565939 ], [ 16.399559060302465, 48.123082793036538 ], [ 16.399996685698511, 48.124252316391335 ] ] ] } },
{ "type": "Feature", "properties": { "crop": "Fallow" }, "geometry": { "type": "Polygon", "coordinates": [ [ [ 16.368881736502999, 48.105195171420064 ], [ 16.368932169584014, 48.10518249997245 ], [ 16.366706220715571, 48.101206687138919 ], [ 16.366657809310482, 48.101222644709367 ], [ 16.368881736502999, 48.105195171420064 ] ] ] } },
{ "type": "Feature", "properties": { "crop": "Fallow" }, "geometry": { "type": "Polygon", "coordinates": [ [ [ 16.372318807766817, 48.10175608027896 ], [ 16.372411258073161, 48.101753398500584 ], [ 16.37237853624049, 48.101819606589622 ], [ 16.372413249172155, 48.101924768813085 ], [ 16.37254492520816, 48.101598866194763 ], [ 16.37221440097386, 48.101569565383208 ], [ 16.372318807766817, 48.10175608027896 ] ] ] } },
{ "type": "Feature", "properties": { "crop": "Fallow" }, "geometry": { "type": "Polygon", "coordinates": [ [ [ 16.386916694050228, 48.120683229147744 ], [ 16.386131674936905, 48.118546367121212 ], [ 16.385793830221132, 48.117755472736917 ], [ 16.385130346388451, 48.116347404209371 ], [ 16.384655936022682, 48.116440243022858 ], [ 16.386525515939866, 48.120759309994234 ], [ 16.386916694050228, 48.120683229147744 ] ] ] } },
{ "type": "Feature", "properties": { "crop": "Fallow" }, "geometry": { "type": "Polygon", "coordinates": [ [ [ 16.405857715860975, 48.107648568726518 ], [ 16.405874846247219, 48.107735596454383 ], [ 16.405874846247219, 48.10764883717961 ], [ 16.405857715860975, 48.107648568726518 ] ] ] } },
{ "type": "Feature", "properties": { "crop": "Fallow" }, "geometry": { "type": "Polygon", "coordinates": [ [ [ 16.397493011793131, 48.117553027250423 ], [ 16.398218644175131, 48.119477141157176 ], [ 16.398920135156175, 48.121061903084403 ], [ 16.399387563185542, 48.122338883732539 ], [ 16.399659907578723, 48.123023888341827 ], [ 16.399834809528897, 48.122987209492187 ], [ 16.399126940555902, 48.121023905828608 ], [ 16.398775110483029, 48.120219981167224 ], [ 16.397657545459424, 48.117377070395541 ], [ 16.397604624853614, 48.117450814803306 ], [ 16.397643237245632, 48.117566815656062 ], [ 16.397562208329305, 48.117584916310882 ], [ 16.39754210668292, 48.11753579624007 ], [ 16.397493011793131, 48.117553027250423 ] ] ] } },
{ "type": "Feature", "properties": { "crop": "Fallow" }, "geometry": { "type": "Polygon", "coordinates": [ [ [ 16.367652276031777, 48.088947140698053 ], [ 16.367725388216115, 48.089266568197615 ], [ 16.367609220089491, 48.089268390224099 ], [ 16.366057058586421, 48.089110619459582 ], [ 16.366066810834695, 48.089146790192281 ], [ 16.367615757261436, 48.089295038934949 ], [ 16.36777872880532, 48.089284682342289 ], [ 16.36769942029207, 48.088943323975279 ], [ 16.367652276031777, 48.088947140698053 ] ] ] } },
{ "type": "Feature", "properties": { "crop": "Fallow" }, "geometry": { "type": "Polygon", "coordinates": [ [ [ 16.361659715523501, 48.115361844373687 ], [ 16.36204577829011, 48.115965606927247 ], [ 16.362754460250187, 48.115876948162679 ], [ 16.362375345645717, 48.115273267447378 ], [ 16.361659715523501, 48.115361844373687 ] ] ] } },
{ "type": "Feature", "properties": { "crop": "Fallow" }, "geometry": { "type": "Polygon", "coordinates": [ [ [ 16.36578058630505, 48.111003492317366 ], [ 16.366021939161215, 48.110933707624554 ], [ 16.365836349667859, 48.11062824839501 ], [ 16.365632274609823, 48.110671932064065 ], [ 16.36578058630505, 48.111003492317366 ] ] ] } },
{ "type": "Feature", "properties": { "crop": "Fallow" }, "geometry": { "type": "Polygon", "coordinates": [ [ [ 16.403193472500789, 48.100589668578372 ], [ 16.403218880147278, 48.100640601682478 ], [ 16.403160311799013, 48.100674435976487 ], [ 16.403159635508814, 48.100695800271012 ], [ 16.403286544238654, 48.100775837235176 ], [ 16.403302431661928, 48.100817569375337 ], [ 16.404172880973704, 48.1005924133093 ], [ 16.403985825585437, 48.100293368044554 ], [ 16.403150117983614, 48.100585656702769 ], [ 16.403193472500789, 48.100589668578372 ] ] ] } },
{ "type": "Feature", "properties": { "crop": "Fallow" }, "geometry": { "type": "Polygon", "coordinates": [ [ [ 16.377035361592732, 48.11011392521754 ], [ 16.377382964852018, 48.110024414794957 ], [ 16.376485749018173, 48.108161944018555 ], [ 16.376147978046788, 48.108271603751575 ], [ 16.377035361592732, 48.11011392521754 ] ] ] } },
{ "type": "Feature", "properties": { "crop": "Fallow" }, "geometry": { "type": "Polygon", "coordinates": [ [ [ 16.3987757678874, 48.106233937846021 ], [ 16.398660348896044, 48.105736134315165 ], [ 16.398469178210064, 48.105241816556664 ], [ 16.39842445402536, 48.105235147184374 ], [ 16.398074229242354, 48.105311683087734 ], [ 16.397948671294216, 48.10507604272528 ], [ 16.398380648048544, 48.104980565300878 ], [ 16.398207045618733, 48.104690762368826 ], [ 16.398107848598386, 48.104721408566199 ], [ 16.398060400367228, 48.104649943939812 ], [ 16.39792108548977, 48.104693028660392 ], [ 16.397935615836047, 48.104713343446129 ], [ 16.396596002803335, 48.105132341184635 ], [ 16.39734362990464, 48.106216268865751 ], [ 16.39750799000177, 48.106324376368946 ], [ 16.398088715521855, 48.106499969897762 ], [ 16.398512634350652, 48.106566524225741 ], [ 16.398652210031514, 48.106573461596042 ], [ 16.398831605893974, 48.106555146902565 ], [ 16.3987757678874, 48.106233937846021 ] ] ] } },
{ "type": "Feature", "properties": { "crop": "Fallow" }, "geometry": { "type": "Polygon", "coordinates": [ [ [ 16.396409277466205, 48.105466975320731 ], [ 16.396798322384711, 48.106052207343559 ], [ 16.396979788486476, 48.106262569561984 ], [ 16.39708891222358, 48.106363313416232 ], [ 16.397279735771235, 48.106492581967132 ], [ 16.397510754517782, 48.106594716173277 ], [ 16.397872386301628, 48.106694230654284 ], [ 16.398820661144669, 48.106832942985989 ], [ 16.398824949112168, 48.106762157347767 ], [ 16.397995798467377, 48.106648315767188 ], [ 16.397639417824905, 48.106557396107007 ], [ 16.397286290929628, 48.106402748687977 ], [ 16.397141017144293, 48.106285475294492 ], [ 16.396943089851788, 48.106084127880251 ], [ 16.396557416491646, 48.105565365649163 ], [ 16.396490961089057, 48.105434479217877 ], [ 16.396409277466205, 48.105466975320731 ] ] ] } },
{ "type": "Feature", "properties": { "crop": "Fallow" }, "geometry": { "type": "Polygon", "coordinates": [ [ [ 16.392290334831159, 48.109896872942386 ], [ 16.392238951166689, 48.109816039178895 ], [ 16.392202476463186, 48.109708893051049 ], [ 16.39212110310649, 48.109649583661394 ], [ 16.392082540177114, 48.109650572915655 ], [ 16.392050517117696, 48.109605934166609 ], [ 16.391120339332247, 48.109814749551099 ], [ 16.391351654855043, 48.11013770329243 ], [ 16.392290334831159, 48.109896872942386 ] ] ] } },
{ "type": "Feature", "properties": { "crop": "Fallow" }, "geometry": { "type": "Polygon", "coordinates": [ [ [ 16.369610332151183, 48.114997582972123 ], [ 16.369712844971843, 48.115022504085353 ], [ 16.370090089885764, 48.114938633311333 ], [ 16.369752366578496, 48.114327741831858 ], [ 16.369299762074434, 48.114436107440447 ], [ 16.369610332151183, 48.114997582972123 ] ] ] } },
{ "type": "Feature", "properties": { "crop": "Fallow" }, "geometry": { "type": "Polygon", "coordinates": [ [ [ 16.367325070295806, 48.109945727713246 ], [ 16.367606597666395, 48.110439211800212 ], [ 16.367816591162807, 48.110385026747615 ], [ 16.367499800475457, 48.109794180257268 ], [ 16.367325070295806, 48.109945727713246 ] ] ] } },
{ "type": "Feature", "properties": { "crop": "Fallow" }, "geometry": { "type": "Polygon", "coordinates": [ [ [ 16.380112187827251, 48.11732198781953 ], [ 16.381981921528507, 48.121641608773309 ], [ 16.382059203869233, 48.121626606282909 ], [ 16.380188362203228, 48.11730720476374 ], [ 16.380112187827251, 48.11732198781953 ] ] ] } },
{ "type": "Feature", "properties": { "crop": "Fallow" }, "geometry": { "type": "Polygon", "coordinates": [ [ [ 16.382255278558318, 48.12162601273036 ], [ 16.382186531683146, 48.121639368562057 ], [ 16.384164751502112, 48.126208843663285 ], [ 16.384238615519735, 48.126200330680774 ], [ 16.382255278558318, 48.12162601273036 ] ] ] } },
{ "type": "Feature", "properties": { "crop": "Fallow" }, "geometry": { "type": "Polygon", "coordinates": [ [ [ 16.372566896545095, 48.103120212427946 ], [ 16.372727964224225, 48.103423514183866 ], [ 16.37295578588089, 48.10336929225906 ], [ 16.372794577907484, 48.103065914060707 ], [ 16.372566896545095, 48.103120212427946 ] ] ] } },
{ "type": "Feature", "properties": { "crop": "Fallow" }, "geometry": { "type": "Polygon", "coordinates": [ [ [ 16.372382541820912, 48.10224909941644 ], [ 16.37212490314181, 48.102813968090224 ], [ 16.372753834122193, 48.102989394345116 ], [ 16.372382541820912, 48.10224909941644 ] ] ] } },
{ "type": "Feature", "properties": { "crop": "Fallow" }, "geometry": { "type": "Polygon", "coordinates": [ [ [ 16.365810896156006, 48.108856650514035 ], [ 16.365613290820761, 48.108917810708483 ], [ 16.365682220258293, 48.109019055485071 ], [ 16.365975091677171, 48.108944712128796 ], [ 16.364501832193866, 48.106333500890393 ], [ 16.364399569384659, 48.106359182830097 ], [ 16.365810896156006, 48.108856650514035 ] ] ] } },
{ "type": "Feature", "properties": { "crop": "Fallow" }, "geometry": { "type": "Polygon", "coordinates": [ [ [ 16.398397177587754, 48.087196202043117 ], [ 16.400142515264918, 48.084463857521072 ], [ 16.400040042913702, 48.084420632506237 ], [ 16.39835897168922, 48.087191107383767 ], [ 16.398397177587754, 48.087196202043117 ] ] ] } },
{ "type": "Feature", "properties": { "crop": "Fallow" }, "geometry": { "type": "Polygon", "coordinates": [ [ [ 16.365547845356843, 48.094255057225155 ], [ 16.365714031977063, 48.094198785745398 ], [ 16.365894349644577, 48.094195487032138 ], [ 16.36617503435042, 48.094210306960179 ], [ 16.366250049500252, 48.094178231740045 ], [ 16.366996262867303, 48.093400074453946 ], [ 16.366819856351356, 48.092939841900261 ], [ 16.365518876395072, 48.094238978246324 ], [ 16.365547845356843, 48.094255057225155 ] ] ] } },
{ "type": "Feature", "properties": { "crop": "Fallow" }, "geometry": { "type": "Polygon", "coordinates": [ [ [ 16.379000936044406, 48.110972627584772 ], [ 16.379050274650524, 48.11107513590882 ], [ 16.380121957162658, 48.110813099544934 ], [ 16.380073711232853, 48.110712975323622 ], [ 16.379000936044406, 48.110972627584772 ] ] ] } },
{ "type": "Feature", "properties": { "crop": "Fallow" }, "geometry": { "type": "Polygon", "coordinates": [ [ [ 16.401507430723427, 48.086579205066293 ], [ 16.401563597881761, 48.086435057232165 ], [ 16.401666499209625, 48.086339730893933 ], [ 16.402064616488929, 48.085883497625382 ], [ 16.401939747421466, 48.085827388922894 ], [ 16.401877951406391, 48.085965824263432 ], [ 16.401594307031701, 48.086312902318625 ], [ 16.401499451038891, 48.086322856914364 ], [ 16.400356616864428, 48.087827183477771 ], [ 16.40040042643858, 48.087861244400976 ], [ 16.401507430723427, 48.086579205066293 ] ] ] } },
{ "type": "Feature", "properties": { "crop": "Fallow" }, "geometry": { "type": "Polygon", "coordinates": [ [ [ 16.376265189387027, 48.112048867860992 ], [ 16.37362617290961, 48.112933204503861 ], [ 16.373671409707867, 48.11301353104966 ], [ 16.376327814577053, 48.112158897215402 ], [ 16.376265189387027, 48.112048867860992 ] ] ] } },
{ "type": "Feature", "properties": { "crop": "Fallow" }, "geometry": { "type": "Polygon", "coordinates": [ [ [ 16.380298420335862, 48.117285824281389 ], [ 16.382168752985592, 48.12160533641719 ], [ 16.382246274545992, 48.12159029165867 ], [ 16.380375735951478, 48.117270803804615 ], [ 16.380298420335862, 48.117285824281389 ] ] ] } },
{ "type": "Feature", "properties": { "crop": "Fallow" }, "geometry": { "type": "Polygon", "coordinates": [ [ [ 16.366585229524787, 48.112791723159546 ], [ 16.36642438128024, 48.112832864445188 ], [ 16.367753227629407, 48.115235441962113 ], [ 16.368178211255497, 48.115180066207131 ], [ 16.36814399654827, 48.115106525046144 ], [ 16.367860880075625, 48.115143500672048 ], [ 16.367842063560431, 48.115109691559084 ], [ 16.367868792310958, 48.115105797494607 ], [ 16.366585229524787, 48.112791723159546 ] ] ] } },
{ "type": "Feature", "properties": { "crop": "Fallow" }, "geometry": { "type": "Polygon", "coordinates": [ [ [ 16.36184640129045, 48.119761487902394 ], [ 16.3618829992011, 48.119838676713641 ], [ 16.365560346832581, 48.119112524523409 ], [ 16.365501698444689, 48.119041431317036 ], [ 16.36184640129045, 48.119761487902394 ] ] ] } },
{ "type": "Feature", "properties": { "crop": "Other (Plants)" }, "geometry": { "type": "Polygon", "coordinates": [ [ [ 16.383907496833558, 48.105362615292513 ], [ 16.383521511408674, 48.105472205777744 ], [ 16.382971037283596, 48.105727065551662 ], [ 16.383370009818123, 48.106602519590638 ], [ 16.384966684165192, 48.106356832901547 ], [ 16.384497965608659, 48.105349758584559 ], [ 16.383907496833558, 48.105362615292513 ] ] ] } },
{ "type": "Feature", "properties": { "crop": "Other (Plants)" }, "geometry": { "type": "Polygon", "coordinates": [ [ [ 16.38496508696926, 48.106992371201038 ], [ 16.384861825912594, 48.1067298069351 ], [ 16.383280711635564, 48.106954943216117 ], [ 16.383390030525561, 48.107216646830864 ], [ 16.38496508696926, 48.106992371201038 ] ] ] } },
{ "type": "Feature", "properties": { "crop": "Other (Plants)" }, "geometry": { "type": "Polygon", "coordinates": [ [ [ 16.403871180910301, 48.125758367854473 ], [ 16.404581252322998, 48.124961626977552 ], [ 16.404948196402188, 48.124409611414471 ], [ 16.40485813109791, 48.123577981338826 ], [ 16.404830186463982, 48.12351368340984 ], [ 16.404777363884307, 48.123457110657164 ], [ 16.404678833261585, 48.123404115407652 ], [ 16.404496493918089, 48.123379903859522 ], [ 16.404400190016815, 48.123383100050084 ], [ 16.404302645950395, 48.123406971654447 ], [ 16.403185777002079, 48.123871627973308 ], [ 16.403695153908302, 48.12597985738455 ], [ 16.403871180910301, 48.125758367854473 ] ] ] } },
{ "type": "Feature", "properties": { "crop": "Other (Plants)" }, "geometry": { "type": "Polygon", "coordinates": [ [ [ 16.387729254001897, 48.092422371994921 ], [ 16.386767202444503, 48.091962487478895 ], [ 16.385461349062044, 48.09229455315112 ], [ 16.384052152784648, 48.091936131047639 ], [ 16.383927347569113, 48.092415531751428 ], [ 16.383940267229605, 48.092592964393873 ], [ 16.384032105996937, 48.092613164965655 ], [ 16.384916003770627, 48.092520879235224 ], [ 16.385115489588202, 48.09252097186544 ], [ 16.385443221427579, 48.092569034333494 ], [ 16.388094297813666, 48.093162401623594 ], [ 16.387729254001897, 48.092422371994921 ] ] ] } },
{ "type": "Feature", "properties": { "crop": "Other (Plants)" }, "geometry": { "type": "Polygon", "coordinates": [ [ [ 16.385250052447986, 48.12104414147398 ], [ 16.384584641368178, 48.12117365374116 ], [ 16.386553599968693, 48.125718768006784 ], [ 16.387215837341046, 48.125579165346274 ], [ 16.385250052447986, 48.12104414147398 ] ] ] } },
{ "type": "Feature", "properties": { "crop": "Other (Plants)" }, "geometry": { "type": "Polygon", "coordinates": [ [ [ 16.361082989288548, 48.096875755411808 ], [ 16.361176969341727, 48.096792512364622 ], [ 16.359906374779428, 48.093651959270566 ], [ 16.359776694339018, 48.093635346094402 ], [ 16.361082989288548, 48.096875755411808 ] ] ] } },
{ "type": "Feature", "properties": { "crop": "Other (Plants)" }, "geometry": { "type": "Polygon", "coordinates": [ [ [ 16.404511150169469, 48.092669032649773 ], [ 16.400645941357141, 48.088120676328224 ], [ 16.400593997415115, 48.088135824508747 ], [ 16.404343609170269, 48.09256600721551 ], [ 16.405430030671425, 48.093815371482265 ], [ 16.405491498433946, 48.093791650963965 ], [ 16.404511150169469, 48.092669032649773 ] ] ] } },
{ "type": "Feature", "properties": { "crop": "Other (Plants)" }, "geometry": { "type": "Polygon", "coordinates": [ [ [ 16.397198806679629, 48.09450814443538 ], [ 16.397314782351376, 48.094500769994561 ], [ 16.396973026484034, 48.092010555342881 ], [ 16.396695611713142, 48.089787334118235 ], [ 16.396591856029374, 48.08980031852991 ], [ 16.397198806679629, 48.09450814443538 ] ] ] } },
{ "type": "Feature", "properties": { "crop": "Other (Plants)" }, "geometry": { "type": "Polygon", "coordinates": [ [ [ 16.398411336514016, 48.094580592920074 ], [ 16.398411118878073, 48.094565942064598 ], [ 16.398552429351184, 48.094560895069321 ], [ 16.39856123371402, 48.094579640538036 ], [ 16.400741861247923, 48.094565727126671 ], [ 16.400744109553045, 48.09451264014627 ], [ 16.400596046970065, 48.09450343648443 ], [ 16.400175396277575, 48.09452248682333 ], [ 16.398991659137835, 48.094528251477705 ], [ 16.397395888609424, 48.094520451657559 ], [ 16.397308979026207, 48.094587613027954 ], [ 16.398411336514016, 48.094580592920074 ] ] ] } },
{ "type": "Feature", "properties": { "crop": "Other (Plants)" }, "geometry": { "type": "Polygon", "coordinates": [ [ [ 16.384620278802856, 48.110575426714604 ], [ 16.384400658963273, 48.110140760987392 ], [ 16.384320661569348, 48.110162580338852 ], [ 16.384557509721333, 48.110582712122486 ], [ 16.384620278802856, 48.110575426714604 ] ] ] } },
{ "type": "Feature", "properties": { "crop": "Other (Plants)" }, "geometry": { "type": "Polygon", "coordinates": [ [ [ 16.366803466207045, 48.093602753764124 ], [ 16.371628590686953, 48.093563770851397 ], [ 16.371645475458365, 48.093536923390324 ], [ 16.366842874499127, 48.093561327393374 ], [ 16.366803466207045, 48.093602753764124 ] ] ] } },
{ "type": "Feature", "properties": { "crop": "Other (Plants)" }, "geometry": { "type": "Polygon", "coordinates": [ [ [ 16.38258104627829, 48.097623048864648 ], [ 16.384495996093392, 48.097178936658679 ], [ 16.38483766382717, 48.097104952131858 ], [ 16.38482074937815, 48.097072022555821 ], [ 16.382536559514676, 48.097589736177433 ], [ 16.38258104627829, 48.097623048864648 ] ] ] } },
{ "type": "Feature", "properties": { "crop": "Other (Plants)" }, "geometry": { "type": "Polygon", "coordinates": [ [ [ 16.38482074937815, 48.097072022555821 ], [ 16.384837571197011, 48.097104972816275 ], [ 16.38542547240769, 48.096977659391541 ], [ 16.385412763188526, 48.096937156624506 ], [ 16.38482074937815, 48.097072022555821 ] ] ] } },
{ "type": "Feature", "properties": { "crop": "Other (Plants)" }, "geometry": { "type": "Polygon", "coordinates": [ [ [ 16.390360467961273, 48.095802840828469 ], [ 16.390031807122227, 48.095887996733708 ], [ 16.388887234558297, 48.096145960068043 ], [ 16.388901508597769, 48.096174375946759 ], [ 16.390396201623446, 48.095826171940352 ], [ 16.390360467961273, 48.095802840828469 ] ] ] } },
{ "type": "Feature", "properties": { "crop": "Other (Plants)" }, "geometry": { "type": "Polygon", "coordinates": [ [ [ 16.390617405169166, 48.096226403525748 ], [ 16.390748433693318, 48.096274601791492 ], [ 16.390516570483388, 48.095825809513542 ], [ 16.390425630138793, 48.095926373503389 ], [ 16.390617405169166, 48.096226403525748 ] ] ] } },
{ "type": "Feature", "properties": { "crop": "Other (Plants)" }, "geometry": { "type": "Polygon", "coordinates": [ [ [ 16.38686588775056, 48.096637042965199 ], [ 16.388901508597769, 48.096174375946759 ], [ 16.388887234558297, 48.096145960068043 ], [ 16.386854798210436, 48.096607210654334 ], [ 16.38686588775056, 48.096637042965199 ] ] ] } },
{ "type": "Feature", "properties": { "crop": "Other (Plants)" }, "geometry": { "type": "Polygon", "coordinates": [ [ [ 16.369164899740383, 48.100115697081833 ], [ 16.369239832152573, 48.100227550261316 ], [ 16.369731439354496, 48.100078188157902 ], [ 16.369671034590624, 48.099963559670577 ], [ 16.369164899740383, 48.100115697081833 ] ] ] } },
{ "type": "Feature", "properties": { "crop": "Other (Plants)" }, "geometry": { "type": "Polygon", "coordinates": [ [ [ 16.360082051045879, 48.094050009999982 ], [ 16.360710526969285, 48.094021848629431 ], [ 16.360617133274104, 48.093744063337908 ], [ 16.359924059048126, 48.093654252541796 ], [ 16.360082051045879, 48.094050009999982 ] ] ] } },
{ "type": "Feature", "properties": { "crop": "Other (Plants)" }, "geometry": { "type": "Polygon", "coordinates": [ [ [ 16.400443276436135, 48.096148009622986 ], [ 16.400539873516379, 48.096200617264735 ], [ 16.400856330555257, 48.095956896493639 ], [ 16.400727064702323, 48.09589977695321 ], [ 16.400443276436135, 48.096148009622986 ] ] ] } },
{ "type": "Feature", "properties": { "crop": "Other (Plants)" }, "geometry": { "type": "Polygon", "coordinates": [ [ [ 16.361477594715268, 48.096161313294026 ], [ 16.360996750599611, 48.096341131837789 ], [ 16.361176969341727, 48.096792512364622 ], [ 16.361681269575001, 48.096351107117933 ], [ 16.361477594715268, 48.096161313294026 ] ] ] } },
{ "type": "Feature", "properties": { "crop": "Other (Plants)" }, "geometry": { "type": "Polygon", "coordinates": [ [ [ 16.393957392819459, 48.124592575786778 ], [ 16.394214173545322, 48.125340238860986 ], [ 16.39464414391216, 48.125265063631836 ], [ 16.394354082874656, 48.124413026140296 ], [ 16.393957392819459, 48.124592575786778 ] ] ] } },
{ "type": "Feature", "properties": { "crop": "Other (Plants)" }, "geometry": { "type": "Polygon", "coordinates": [ [ [ 16.39313252474625, 48.094792608092462 ], [ 16.393273568120719, 48.094784143673337 ], [ 16.393270886342407, 48.094712659261852 ], [ 16.393318084561997, 48.094441415638862 ], [ 16.393219735602372, 48.094411859419836 ], [ 16.39313252474625, 48.094792608092462 ] ] ] } },
{ "type": "Feature", "properties": { "crop": "Other (Plants)" }, "geometry": { "type": "Polygon", "coordinates": [ [ [ 16.381445578450723, 48.11674451964393 ], [ 16.381572542938557, 48.117000855205326 ], [ 16.382024457662624, 48.116913084970975 ], [ 16.381897490476831, 48.116656750308827 ], [ 16.381445578450723, 48.11674451964393 ] ] ] } },
{ "type": "Feature", "properties": { "crop": "Other (Plants)" }, "geometry": { "type": "Polygon", "coordinates": [ [ [ 16.370648393508588, 48.126423896745514 ], [ 16.371018652488885, 48.126333690247627 ], [ 16.370009632938263, 48.124003169110999 ], [ 16.369631960846391, 48.124076462059129 ], [ 16.370648393508588, 48.126423896745514 ] ] ] } },
{ "type": "Feature", "properties": { "crop": "Other (Plants)" }, "geometry": { "type": "Polygon", "coordinates": [ [ [ 16.376705172805543, 48.108090929053162 ], [ 16.378232019292284, 48.111275669436623 ], [ 16.378294097694493, 48.111260455605574 ], [ 16.37676437607513, 48.108071893103428 ], [ 16.376705172805543, 48.108090929053162 ] ] ] } },
{ "type": "Feature", "properties": { "crop": "Other (Plants)" }, "geometry": { "type": "Polygon", "coordinates": [ [ [ 16.35797174869731, 48.09166929769998 ], [ 16.358069754115888, 48.092000432573961 ], [ 16.358147706451518, 48.09208507946289 ], [ 16.35902878395126, 48.092084912189016 ], [ 16.359413446473411, 48.091874820666476 ], [ 16.359470905957608, 48.091766557580627 ], [ 16.359565247538175, 48.091676004843805 ], [ 16.359605806063144, 48.09168829767686 ], [ 16.359666807976851, 48.092296162038281 ], [ 16.360120976402015, 48.092355519091988 ], [ 16.36001651834772, 48.091463390722929 ], [ 16.359826181333233, 48.089551221611657 ], [ 16.359323954037279, 48.089622226684476 ], [ 16.359379426919077, 48.090266156557966 ], [ 16.359370752957943, 48.09030974939548 ], [ 16.35919985928615, 48.090324216789213 ], [ 16.358759457682879, 48.090415465601325 ], [ 16.358562206680517, 48.09090870597209 ], [ 16.358302236059387, 48.091322356341713 ], [ 16.35797174869731, 48.09166929769998 ] ] ] } },
{ "type": "Feature", "properties": { "crop": "Other (Plants)" }, "geometry": { "type": "Polygon", "coordinates": [ [ [ 16.367567056274652, 48.110938938081567 ], [ 16.367806726499282, 48.110876549413256 ], [ 16.367681588534538, 48.110558321609282 ], [ 16.367441080141763, 48.110620830786793 ], [ 16.367567056274652, 48.110938938081567 ] ] ] } },
{ "type": "Feature", "properties": { "crop": "Other (Plants)" }, "geometry": { "type": "Polygon", "coordinates": [ [ [ 16.361389602348311, 48.116062731909615 ], [ 16.35988675067307, 48.113701816385799 ], [ 16.359540102493781, 48.113940928131392 ], [ 16.359325734694949, 48.114032870320791 ], [ 16.360800044586426, 48.116137022205855 ], [ 16.361389602348311, 48.116062731909615 ] ] ] } },
{ "type": "Feature", "properties": { "crop": "Other (Plants)" }, "geometry": { "type": "Polygon", "coordinates": [ [ [ 16.364603353062364, 48.106308009606998 ], [ 16.365825206168381, 48.108488206365664 ], [ 16.365901793333137, 48.10846891141118 ], [ 16.364677662244393, 48.106289350473219 ], [ 16.364603353062364, 48.106308009606998 ] ] ] } },
{ "type": "Feature", "properties": { "crop": "Other (Plants)" }, "geometry": { "type": "Polygon", "coordinates": [ [ [ 16.374978442101451, 48.118234440866779 ], [ 16.375064061157559, 48.11826459873231 ], [ 16.376807271038786, 48.117926203631427 ], [ 16.374670292999667, 48.113614888816137 ], [ 16.372925903207943, 48.114000109817262 ], [ 16.372896514262777, 48.114035098840809 ], [ 16.374978442101451, 48.118234440866779 ] ] ] } },
{ "type": "Feature", "properties": { "crop": "Other (Plants)" }, "geometry": { "type": "Polygon", "coordinates": [ [ [ 16.373117702520005, 48.095887314148278 ], [ 16.373829487141165, 48.095714933897113 ], [ 16.37269629549769, 48.093597695976939 ], [ 16.371869071200706, 48.093602632355676 ], [ 16.373117702520005, 48.095887314148278 ] ] ] } },
{ "type": "Feature", "properties": { "crop": "Other (Plants)" }, "geometry": { "type": "Polygon", "coordinates": [ [ [ 16.362701218586437, 48.109984694438126 ], [ 16.363269843728347, 48.10986078404801 ], [ 16.361695255831421, 48.107038235726066 ], [ 16.361136112241812, 48.107178636085223 ], [ 16.362701218586437, 48.109984694438126 ] ] ] } },
{ "type": "Feature", "properties": { "crop": "Other (Plants)" }, "geometry": { "type": "Polygon", "coordinates": [ [ [ 16.369719792234662, 48.129152447927197 ], [ 16.370497673428929, 48.129016823867396 ], [ 16.370820581304827, 48.128965885367379 ], [ 16.370790957636643, 48.128910861247277 ], [ 16.370145024972999, 48.128767812384687 ], [ 16.369568439032264, 48.128699327212246 ], [ 16.369719792234662, 48.129152447927197 ] ] ] } },
{ "type": "Feature", "properties": { "crop": "Other (Plants)" }, "geometry": { "type": "Polygon", "coordinates": [ [ [ 16.401413201558057, 48.129605603715667 ], [ 16.401528380430477, 48.129411860968673 ], [ 16.401409085361024, 48.129063153341924 ], [ 16.40056121982451, 48.126752571074348 ], [ 16.399960790158389, 48.125047536514671 ], [ 16.399755876032884, 48.125110602372445 ], [ 16.401413201558057, 48.129605603715667 ] ] ] } },
{ "type": "Feature", "properties": { "crop": "Other (Plants)" }, "geometry": { "type": "Polygon", "coordinates": [ [ [ 16.37391804608103, 48.128764181821573 ], [ 16.372663768817915, 48.12898995662124 ], [ 16.373092741836615, 48.130303915593281 ], [ 16.373643530934448, 48.131692123992366 ], [ 16.374990468925464, 48.131692123992366 ], [ 16.37391804608103, 48.128764181821573 ] ] ] } },
{ "type": "Feature", "properties": { "crop": "Other (Plants)" }, "geometry": { "type": "Polygon", "coordinates": [ [ [ 16.363451696538618, 48.127941565650822 ], [ 16.36414060960152, 48.127704180603537 ], [ 16.362108242501453, 48.12369781959876 ], [ 16.361346272112826, 48.123797808921772 ], [ 16.363451696538618, 48.127941565650822 ] ] ] } },
{ "type": "Feature", "properties": { "crop": "Other (Plants)" }, "geometry": { "type": "Polygon", "coordinates": [ [ [ 16.387729254001897, 48.092422371994921 ], [ 16.389507070694833, 48.096006207220725 ], [ 16.390153343302188, 48.095860577303874 ], [ 16.390789100136885, 48.095683098796023 ], [ 16.389482936488378, 48.09318202393132 ], [ 16.388857252959895, 48.092941646839556 ], [ 16.388335218095904, 48.092713726257507 ], [ 16.387729254001897, 48.092422371994921 ] ] ] } }
]
}
